00:00:00,0,1,1
00:00:00,1,0,,
00:00:00,2,0,,
00:00:00,3,0,,
00:00:00,4,0,,
00:00:00,5,0,,
00:00:00,6,0,,
00:00:00,7,0,,
00:00:00,8,0,,
00:00:00,9,0,,
00:00:00,10,0,,
00:00:00,11,0,,
00:00:00,12,0,,
00:00:00,13,0,,
00:00:00,14,0,,
00:00:00,15,0,,
00:00:00,16,0,,
00:00:00,17,0,,
00:00:00,18,0,,
00:00:00,19,2,1
00:00:00,20,0,,
00:00:00,21,0,,
00:00:00,22,0,,
00:00:00,23,0,,
00:00:00,24,0,,
00:00:00,25,0,,
00:00:00,26,0,,
00:00:00,27,0,,
00:00:00,28,0,,
00:00:00,29,0,,
00:00:00,30,0,,
00:00:00,31,0,,
00:00:00,32,0,,
00:00:00,33,0,,
00:00:00,34,0,,
00:00:00,35,0,,
00:00:00,36,0,,
00:00:00,37,0,,
00:00:00,38,0,,
00:00:00,39,0,,
00:00:00,40,0,,
00:00:00,41,0,,
00:00:00,42,3,0
00:00:00,43,0,,
00:00:00,44,0,,
00:00:00,45,0,,
00:00:00,46,0,,
00:00:00,47,4,1
00:00:00,48,0,,
00:00:00,49,0,,
00:00:00,50,0,,
00:00:00,51,5,1
00:00:00,52,0,,
00:00:00,53,0,,
00:00:00,54,0,,
00:00:00,55,0,,
00:00:00,56,6,1
00:00:01,3,7,1
00:00:01,4,0,,
00:00:01,5,0,,
00:00:01,6,0,,
00:00:01,7,0,,
00:00:01,8,0,,
00:00:01,9,8,1
00:00:01,10,0,,
00:00:01,11,0,,
00:00:01,12,0,,
00:00:01,13,9,1
00:00:01,14,0,,
00:00:01,15,0,,
00:00:01,16,0,,
00:00:01,17,10,0
00:00:01,18,0,,
00:00:01,19,0,,
00:00:01,20,0,,
00:00:01,21,11,0
00:00:01,22,0,,
00:00:01,23,0,,
00:00:01,24,0,,
00:00:01,25,0,,
00:00:01,26,0,,
00:00:01,27,12,0
00:00:01,28,0,,
00:00:01,29,0,,
00:00:01,30,0,,
00:00:01,31,13,1
00:00:01,32,0,,
00:00:01,33,0,,
00:00:01,34,0,,
00:00:01,35,14,1
00:00:01,36,0,,
00:00:01,37,0,,
00:00:01,38,0,,
00:00:01,39,15,1
00:00:01,40,0,,
00:00:01,41,0,,
00:00:01,42,0,,
00:00:01,43,16,1
00:00:01,44,0,,
00:00:01,45,0,,
00:00:01,46,0,,
00:00:01,47,0,,
00:00:01,48,0,,
00:00:01,49,17,1
00:00:01,50,0,,
00:00:01,51,0,,
00:00:01,52,0,,
00:00:01,53,18,1
00:00:01,54,0,,
00:00:01,55,0,,
00:00:01,56,0,,
00:00:01,57,19,1
00:00:02,1,20,1
00:00:02,2,0,,
00:00:02,3,0,,
00:00:02,4,0,,
00:00:02,5,21,1
00:00:02,6,0,,
00:00:02,7,0,,
00:00:02,8,0,,
00:00:02,9,0,,
00:00:02,10,0,,
00:00:02,11,22,1
00:00:02,12,0,,
00:00:02,13,0,,
00:00:02,14,0,,
00:00:02,15,23,1
00:00:02,16,0,,
00:00:02,17,0,,
00:00:02,18,0,,
00:00:02,19,24,1
00:00:02,20,0,,
00:00:02,21,0,,
00:00:02,22,0,,
00:00:02,23,25,1
00:00:02,24,0,,
00:00:02,25,0,,
00:00:02,26,0,,
00:00:02,27,0,,
00:00:02,28,26,1
00:00:02,29,0,,
00:00:02,30,0,,
00:00:02,31,0,,
00:00:02,32,27,1
00:00:02,33,0,,
00:00:02,34,0,,
00:00:02,35,0,,
00:00:02,36,28,0
00:00:02,37,0,,
00:00:02,38,0,,
00:00:02,39,0,,
00:00:02,40,29,0
00:00:02,41,0,,
00:00:02,42,0,,
00:00:02,43,0,,
00:00:02,44,30,1
00:00:02,45,0,,
00:00:02,46,0,,
00:00:02,47,0,,
00:00:02,48,0,,
00:00:02,49,0,,
00:00:02,50,31,1
00:00:02,51,0,,
00:00:02,52,0,,
00:00:02,53,0,,
00:00:02,54,32,1
00:00:02,55,0,,
00:00:02,56,0,,
00:00:02,57,0,,
00:00:02,58,33,1
00:00:03,2,34,1
00:00:03,3,0,,
00:00:03,4,0,,
00:00:03,5,0,,
00:00:03,6,0,,
00:00:03,7,0,,
00:00:03,8,35,1
00:00:03,9,0,,
00:00:03,10,0,,
00:00:03,11,0,,
00:00:03,12,36,1
00:00:03,13,0,,
00:00:03,14,0,,
00:00:03,15,0,,
00:00:03,16,37,1
00:00:03,17,0,,
00:00:03,18,0,,
00:00:03,19,0,,
00:00:03,20,38,1
00:00:03,21,0,,
00:00:03,22,0,,
00:00:03,23,0,,
00:00:03,24,39,1
00:00:03,25,0,,
00:00:03,26,0,,
00:00:03,27,0,,
00:00:03,28,0,,
00:00:03,29,0,,
00:00:03,30,40,1
00:00:03,31,0,,
00:00:03,32,0,,
00:00:03,33,0,,
00:00:03,34,0,,
00:00:03,35,0,,
00:00:03,36,0,,
00:00:03,37,0,,
00:00:03,38,0,,
00:00:03,39,0,,
00:00:03,40,0,,
00:00:03,41,0,,
00:00:03,42,41,1
00:00:03,43,0,,
00:00:03,44,0,,
00:00:03,45,0,,
00:00:03,46,42,1
00:00:03,47,0,,
00:00:03,48,0,,
00:00:03,49,0,,
00:00:03,50,43,1
00:00:03,51,0,,
00:00:03,52,0,,
00:00:03,53,0,,
00:00:03,54,44,1
00:00:03,55,0,,
00:00:03,56,0,,
00:00:03,57,0,,
00:00:03,58,45,1
00:00:04,2,46,1
00:00:04,3,0,,
00:00:04,4,0,,
00:00:04,5,47,1
00:00:04,6,0,,
00:00:04,7,0,,
00:00:04,8,0,,
00:00:04,9,0,,
00:00:04,10,48,1
00:00:04,11,0,,
00:00:04,12,0,,
00:00:04,13,0,,
00:00:04,14,49,1
00:00:04,15,0,,
00:00:04,16,0,,
00:00:04,17,50,1
00:00:04,18,0,,
00:00:04,19,0,,
00:00:04,20,0,,
00:00:04,21,0,,
00:00:04,22,51,1
00:00:04,23,0,,
00:00:04,24,0,,
00:00:04,25,0,,
00:00:04,26,52,1
00:00:04,27,0,,
00:00:04,28,0,,
00:00:04,29,53,1
00:00:04,30,0,,
00:00:04,31,0,,
00:00:04,32,0,,
00:00:04,33,54,1
00:00:04,34,0,,
00:00:04,35,0,,
00:00:04,36,0,,
00:00:04,37,55,1
00:00:04,38,0,,
00:00:04,39,0,,
00:00:04,40,0,,
00:00:04,41,56,1
00:00:04,42,0,,
00:00:04,43,0,,
00:00:04,44,0,,
00:00:04,45,57,1
00:00:04,46,0,,
00:00:04,47,0,,
00:00:04,48,0,,
00:00:04,49,58,1
00:00:04,50,0,,
00:00:04,51,0,,
00:00:04,52,0,,
00:00:04,53,59,1
00:00:04,54,0,,
00:00:04,55,0,,
00:00:04,56,0,,
00:00:04,57,60,1
00:00:05,1,61,1
00:00:05,2,0,,
00:00:05,3,0,,
00:00:05,4,0,,
00:00:05,5,62,1
00:00:05,6,0,,
00:00:05,7,0,,
00:00:05,8,0,,
00:00:05,9,63,1
00:00:05,10,0,,
00:00:05,11,0,,
00:00:05,12,0,,
00:00:05,13,64,1
00:00:05,14,0,,
00:00:05,15,0,,
00:00:05,16,0,,
00:00:05,17,65,1
00:00:05,18,0,,
00:00:05,19,0,,
00:00:05,20,0,,
00:00:05,21,66,1
00:00:05,22,0,,
00:00:05,23,0,,
00:00:05,24,0,,
00:00:05,25,67,1
00:00:05,26,0,,
00:00:05,27,0,,
00:00:05,28,0,,
00:00:05,29,68,1
00:00:05,30,0,,
00:00:05,31,0,,
00:00:05,32,0,,
00:00:05,33,69,1
00:00:05,34,0,,
00:00:05,35,0,,
00:00:05,36,0,,
00:00:05,37,70,1
00:00:05,38,0,,
00:00:05,39,0,,
00:00:05,40,71,1
00:00:05,41,0,,
00:00:05,42,0,,
00:00:05,43,0,,
00:00:05,44,0,,
00:00:05,45,72,1
00:00:05,46,0,,
00:00:05,47,0,,
00:00:05,48,0,,
00:00:05,49,73,1
00:00:05,50,0,,
00:00:05,51,0,,
00:00:05,52,0,,
00:00:05,53,74,1
00:00:05,54,0,,
00:00:05,55,0,,
00:00:05,56,75,1
00:00:06,0,76,1
00:00:06,1,0,,
00:00:06,2,0,,
00:00:06,3,0,,
00:00:06,4,77,1
00:00:06,5,0,,
00:00:06,6,0,,
00:00:06,7,0,,
00:00:06,8,0,,
00:00:06,9,78,1
00:00:06,10,0,,
00:00:06,11,0,,
00:00:06,12,79,1
00:00:06,13,0,,
00:00:06,14,0,,
00:00:06,15,0,,
00:00:06,16,80,1
00:00:06,17,0,,
00:00:06,18,0,,
00:00:06,19,0,,
00:00:06,20,81,1
00:00:06,21,0,,
00:00:06,22,0,,
00:00:06,23,0,,
00:00:06,24,82,1
00:00:06,25,0,,
00:00:06,26,0,,
00:00:06,27,0,,
00:00:06,28,83,1
00:00:06,29,0,,
00:00:06,30,0,,
00:00:06,31,0,,
00:00:06,32,84,1
00:00:06,33,0,,
00:00:06,34,0,,
00:00:06,35,0,,
00:00:06,36,85,1
00:00:06,37,0,,
00:00:06,38,0,,
00:00:06,39,0,,
00:00:06,40,86,1
00:00:06,41,0,,
00:00:06,42,0,,
00:00:06,43,0,,
00:00:06,44,87,1
00:00:06,45,0,,
00:00:06,46,0,,
00:00:06,47,0,,
00:00:06,48,88,1
00:00:06,49,0,,
00:00:06,50,0,,
00:00:06,51,0,,
00:00:06,52,89,1
00:00:06,53,0,,
00:00:06,54,0,,
00:00:06,55,0,,
00:00:06,56,90,1
00:00:07,0,91,1
00:00:07,1,0,,
00:00:07,2,0,,
00:00:07,3,0,,
00:00:07,4,92,1
00:00:07,5,0,,
00:00:07,6,0,,
00:00:07,7,0,,
00:00:07,8,93,1
00:00:07,9,0,,
00:00:07,10,0,,
00:00:07,11,0,,
00:00:07,12,94,1
00:00:07,13,0,,
00:00:07,14,0,,
00:00:07,15,0,,
00:00:07,16,95,1
00:00:07,17,0,,
00:00:07,18,0,,
00:00:07,19,0,,
00:00:07,20,96,1
00:00:07,21,0,,
00:00:07,22,0,,
00:00:07,23,97,1
00:00:07,24,0,,
00:00:07,25,0,,
00:00:07,26,0,,
00:00:07,27,98,1
00:00:07,28,0,,
00:00:07,29,0,,
00:00:07,30,0,,
00:00:07,31,0,,
00:00:07,32,99,1
00:00:07,33,0,,
00:00:07,34,0,,
00:00:07,35,100,1
00:00:07,36,0,,
00:00:07,37,0,,
00:00:07,38,0,,
00:00:07,39,0,,
00:00:07,40,101,1
00:00:07,41,0,,
00:00:07,42,0,,
00:00:07,43,0,,
00:00:07,44,102,1
00:00:07,45,0,,
00:00:07,46,0,,
00:00:07,47,0,,
00:00:07,48,103,1
00:00:07,49,0,,
00:00:07,50,0,,
00:00:07,51,104,1
00:00:07,52,0,,
00:00:07,53,0,,
00:00:07,54,0,,
00:00:07,55,105,0
00:00:07,56,0,,
00:00:07,57,0,,
00:00:07,58,0,,
00:00:07,59,106,0
00:00:08,3,107,0
00:00:08,4,0,,
00:00:08,5,0,,
00:00:08,6,0,,
00:00:08,7,108,1
00:00:08,8,0,,
00:00:08,9,0,,
00:00:08,10,0,,
00:00:08,11,109,1
00:00:08,12,0,,
00:00:08,13,0,,
00:00:08,14,0,,
00:00:08,15,110,1
00:00:08,16,0,,
00:00:08,17,0,,
00:00:08,18,0,,
00:00:08,19,111,1
00:00:08,20,0,,
00:00:08,21,0,,
00:00:08,22,0,,
00:00:08,23,112,1
00:00:08,24,0,,
00:00:08,25,0,,
00:00:08,26,0,,
00:00:08,27,113,1
00:00:08,28,0,,
00:00:08,29,0,,
00:00:08,30,0,,
00:00:08,31,114,1
00:00:08,32,0,,
00:00:08,33,0,,
00:00:08,34,0,,
00:00:08,35,115,1
00:00:08,36,0,,
00:00:08,37,0,,
00:00:08,38,0,,
00:00:08,39,116,1
00:00:08,40,0,,
00:00:08,41,0,,
00:00:08,42,0,,
00:00:08,43,117,1
00:00:08,44,0,,
00:00:08,45,0,,
00:00:08,46,0,,
00:00:08,47,118,1
00:00:08,48,0,,
00:00:08,49,0,,
00:00:08,50,0,,
00:00:08,51,119,1
00:00:08,52,0,,
00:00:08,53,0,,
00:00:08,54,0,,
00:00:08,55,120,0
00:00:08,56,0,,
00:00:08,57,0,,
00:00:08,58,0,,
00:00:08,59,121,0
00:00:09,3,122,0
00:00:09,4,0,,
00:00:09,5,0,,
00:00:09,6,0,,
00:00:09,7,123,1
00:00:09,8,0,,
00:00:09,9,0,,
00:00:09,10,0,,
00:00:09,11,124,1
00:00:09,12,0,,
00:00:09,13,0,,
00:00:09,14,0,,
00:00:09,15,125,1
00:00:09,16,0,,
00:00:09,17,0,,
00:00:09,18,126,1
00:00:09,19,0,,
00:00:09,20,0,,
00:00:09,21,0,,
00:00:09,22,127,1
00:00:09,23,0,,
00:00:09,24,0,,
00:00:09,25,0,,
00:00:09,26,128,1
00:00:09,27,0,,
00:00:09,28,0,,
00:00:09,29,0,,
00:00:09,30,129,1
00:00:09,31,0,,
00:00:09,32,0,,
00:00:09,33,0,,
00:00:09,34,130,1
00:00:09,35,0,,
00:00:09,36,0,,
00:00:09,37,0,,
00:00:09,38,131,1
00:00:09,39,0,,
00:00:09,40,0,,
00:00:09,41,0,,
00:00:09,42,132,1
00:00:09,43,0,,
00:00:09,44,0,,
00:00:09,45,0,,
00:00:09,46,133,1
00:00:09,47,0,,
00:00:09,48,0,,
00:00:09,49,0,,
00:00:09,50,134,1
00:00:09,51,0,,
00:00:09,52,0,,
00:00:09,53,0,,
00:00:09,54,135,1
00:00:09,55,0,,
00:00:09,56,0,,
00:00:09,57,0,,
00:00:09,58,136,1
00:00:10,2,137,1
00:00:10,3,0,,
00:00:10,4,0,,
00:00:10,5,0,,
00:00:10,6,138,1
00:00:10,7,0,,
00:00:10,8,0,,
00:00:10,9,0,,
00:00:10,10,139,0
00:00:10,11,0,,
00:00:10,12,0,,
00:00:10,13,0,,
00:00:10,14,140,0
00:00:10,15,0,,
00:00:10,16,0,,
00:00:10,17,0,,
00:00:10,18,141,0
00:00:10,19,0,,
00:00:10,20,0,,
00:00:10,21,0,,
00:00:10,22,142,0
00:00:10,23,0,,
00:00:10,24,0,,
00:00:10,25,0,,
00:00:10,26,143,0
00:00:10,27,0,,
00:00:10,28,0,,
00:00:10,29,0,,
00:00:10,30,144,1
00:00:10,31,0,,
00:00:10,32,0,,
00:00:10,33,0,,
00:00:10,34,145,1
00:00:10,35,0,,
00:00:10,36,0,,
00:00:10,37,146,1
00:00:10,38,0,,
00:00:10,39,0,,
00:00:10,40,0,,
00:00:10,41,147,1
00:00:10,42,0,,
00:00:10,43,0,,
00:00:10,44,0,,
00:00:10,45,148,1
00:00:10,46,0,,
00:00:10,47,0,,
00:00:10,48,0,,
00:00:10,49,149,1
00:00:10,50,0,,
00:00:10,51,0,,
00:00:10,52,0,,
00:00:10,53,150,1
00:00:10,54,0,,
00:00:10,55,0,,
00:00:10,56,0,,
00:00:10,57,151,1
00:00:11,1,152,1
00:00:11,2,0,,
00:00:11,3,0,,
00:00:11,4,0,,
00:00:11,5,153,1
00:00:11,6,0,,
00:00:11,7,0,,
00:00:11,8,0,,
00:00:11,9,154,1
00:00:11,10,0,,
00:00:11,11,0,,
00:00:11,12,0,,
00:00:11,13,155,1
00:00:11,14,0,,
00:00:11,15,0,,
00:00:11,16,0,,
00:00:11,17,156,1
00:00:11,18,0,,
00:00:11,19,0,,
00:00:11,20,0,,
00:00:11,21,157,1
00:00:11,22,0,,
00:00:11,23,0,,
00:00:11,24,0,,
00:00:11,25,158,1
00:00:11,26,0,,
00:00:11,27,0,,
00:00:11,28,0,,
00:00:11,29,159,1
00:00:11,30,0,,
00:00:11,31,0,,
00:00:11,32,0,,
00:00:11,33,160,1
00:00:11,34,0,,
00:00:11,35,0,,
00:00:11,36,0,,
00:00:11,37,161,1
00:00:11,38,0,,
00:00:11,39,0,,
00:00:11,40,0,,
00:00:11,41,162,1
00:00:11,42,0,,
00:00:11,43,0,,
00:00:11,44,0,,
00:00:11,45,163,1
00:00:11,46,0,,
00:00:11,47,0,,
00:00:11,48,0,,
00:00:11,49,164,1
00:00:11,50,0,,
00:00:11,51,0,,
00:00:11,52,0,,
00:00:11,53,165,1
00:00:11,54,0,,
00:00:11,55,0,,
00:00:11,56,0,,
00:00:11,57,166,1
00:00:12,1,167,1
00:00:12,2,0,,
00:00:12,3,0,,
00:00:12,4,0,,
00:00:12,5,168,1
00:00:12,6,0,,
00:00:12,7,0,,
00:00:12,8,169,1
00:00:12,9,0,,
00:00:12,10,0,,
00:00:12,11,0,,
00:00:12,12,170,1
00:00:12,13,0,,
00:00:12,14,0,,
00:00:12,15,0,,
00:00:12,16,171,1
00:00:12,17,0,,
00:00:12,18,0,,
00:00:12,19,0,,
00:00:12,20,172,1
00:00:12,21,0,,
00:00:12,22,0,,
00:00:12,23,0,,
00:00:12,24,173,1
00:00:12,25,0,,
00:00:12,26,0,,
00:00:12,27,0,,
00:00:12,28,0,,
00:00:12,29,174,1
00:00:12,30,0,,
00:00:12,31,0,,
00:00:12,32,0,,
00:00:12,33,0,,
00:00:12,34,175,1
00:00:12,35,0,,
00:00:12,36,0,,
00:00:12,37,0,,
00:00:12,38,176,1
00:00:12,39,0,,
00:00:12,40,0,,
00:00:12,41,0,,
00:00:12,42,177,1
00:00:12,43,0,,
00:00:12,44,0,,
00:00:12,45,0,,
00:00:12,46,178,1
00:00:12,47,0,,
00:00:12,48,0,,
00:00:12,49,0,,
00:00:12,50,179,1
00:00:12,51,0,,
00:00:12,52,0,,
00:00:12,53,0,,
00:00:12,54,180,1
00:00:12,55,0,,
00:00:12,56,0,,
00:00:12,57,0,,
00:00:12,58,181,1
00:00:13,2,182,1
00:00:13,3,0,,
00:00:13,4,0,,
00:00:13,5,0,,
00:00:13,6,183,1
00:00:13,7,0,,
00:00:13,8,0,,
00:00:13,9,0,,
00:00:13,10,184,1
00:00:13,11,0,,
00:00:13,12,0,,
00:00:13,13,0,,
00:00:13,14,185,1
00:00:13,15,0,,
00:00:13,16,0,,
00:00:13,17,0,,
00:00:13,18,186,1
00:00:13,19,0,,
00:00:13,20,0,,
00:00:13,21,0,,
00:00:13,22,187,1
00:00:13,23,0,,
00:00:13,24,0,,
00:00:13,25,0,,
00:00:13,26,188,1
00:00:13,27,0,,
00:00:13,28,0,,
00:00:13,29,0,,
00:00:13,30,189,1
00:00:13,31,0,,
00:00:13,32,0,,
00:00:13,33,0,,
00:00:13,34,190,1
00:00:13,35,0,,
00:00:13,36,0,,
00:00:13,37,0,,
00:00:13,38,191,1
00:00:13,39,0,,
00:00:13,40,0,,
00:00:13,41,0,,
00:00:13,42,192,1
00:00:13,43,0,,
00:00:13,44,0,,
00:00:13,45,0,,
00:00:13,46,193,1
00:00:13,47,0,,
00:00:13,48,0,,
00:00:13,49,0,,
00:00:13,50,194,1
00:00:13,51,0,,
00:00:13,52,0,,
00:00:13,53,0,,
00:00:13,54,195,1
00:00:13,55,0,,
00:00:13,56,0,,
00:00:13,57,196,1
00:00:14,2,197,1
00:00:14,3,0,,
00:00:14,4,0,,
00:00:14,5,0,,
00:00:14,6,198,1
00:00:14,7,0,,
00:00:14,8,0,,
00:00:14,9,0,,
00:00:14,10,199,1
00:00:14,11,0,,
00:00:14,12,0,,
00:00:14,13,200,1
00:00:14,14,0,,
00:00:14,15,0,,
00:00:14,16,0,,
00:00:14,17,201,1
00:00:14,18,0,,
00:00:14,19,0,,
00:00:14,20,0,,
00:00:14,21,202,0
00:00:14,22,0,,
00:00:14,23,0,,
00:00:14,24,0,,
00:00:14,25,203,0
00:00:14,26,0,,
00:00:14,27,0,,
00:00:14,28,0,,
00:00:14,29,204,0
00:00:14,30,0,,
00:00:14,31,0,,
00:00:14,32,0,,
00:00:14,33,205,1
00:00:14,34,0,,
00:00:14,35,0,,
00:00:14,36,0,,
00:00:14,37,206,1
00:00:14,38,0,,
00:00:14,39,0,,
00:00:14,40,0,,
00:00:14,41,207,1
00:00:14,42,0,,
00:00:14,43,0,,
00:00:14,44,0,,
00:00:14,45,208,1
00:00:14,46,0,,
00:00:14,47,0,,
00:00:14,48,0,,
00:00:14,49,209,1
00:00:14,50,0,,
00:00:14,51,0,,
00:00:14,52,0,,
00:00:14,53,210,1
00:00:14,54,0,,
00:00:14,55,0,,
00:00:14,56,0,,
00:00:14,57,211,1
00:00:15,1,212,1
00:00:15,2,0,,
00:00:15,3,0,,
00:00:15,4,0,,
00:00:15,5,213,1
00:00:15,6,0,,
00:00:15,7,0,,
00:00:15,8,0,,
00:00:15,9,214,1
00:00:15,10,0,,
00:00:15,11,0,,
00:00:15,12,0,,
00:00:15,13,215,1
00:00:15,14,0,,
00:00:15,15,0,,
00:00:15,16,0,,
00:00:15,17,216,1
00:00:15,18,0,,
00:00:15,19,0,,
00:00:15,20,0,,
00:00:15,21,217,0
00:00:15,22,0,,
00:00:15,23,0,,
00:00:15,24,0,,
00:00:15,25,218,1
00:00:15,26,0,,
00:00:15,27,0,,
00:00:15,28,0,,
00:00:15,29,219,1
00:00:15,30,0,,
00:00:15,31,0,,
00:00:15,32,0,,
00:00:15,33,220,1
00:00:15,34,0,,
00:00:15,35,0,,
00:00:15,36,221,1
00:00:15,37,0,,
00:00:15,38,0,,
00:00:15,39,0,,
00:00:15,40,222,1
00:00:15,41,0,,
00:00:15,42,0,,
00:00:15,43,0,,
00:00:15,44,223,1
00:00:15,45,0,,
00:00:15,46,0,,
00:00:15,47,0,,
00:00:15,48,224,1
00:00:15,49,0,,
00:00:15,50,0,,
00:00:15,51,0,,
00:00:15,52,225,1
00:00:15,53,0,,
00:00:15,54,0,,
00:00:15,55,0,,
00:00:15,56,226,1
00:00:16,0,227,1
00:00:16,1,0,,
00:00:16,2,0,,
00:00:16,3,0,,
00:00:16,4,228,1
00:00:16,5,0,,
00:00:16,6,0,,
00:00:16,7,0,,
00:00:16,8,229,1
00:00:16,9,0,,
00:00:16,10,0,,
00:00:16,11,0,,
00:00:16,12,230,1
00:00:16,13,0,,
00:00:16,14,0,,
00:00:16,15,0,,
00:00:16,16,231,1
00:00:16,17,0,,
00:00:16,18,0,,
00:00:16,19,0,,
00:00:16,20,232,1
00:00:16,21,0,,
00:00:16,22,0,,
00:00:16,23,0,,
00:00:16,24,233,1
00:00:16,25,0,,
00:00:16,26,0,,
00:00:16,27,0,,
00:00:16,28,234,1
00:00:16,29,0,,
00:00:16,30,0,,
00:00:16,31,0,,
00:00:16,32,235,1
00:00:16,33,0,,
00:00:16,34,0,,
00:00:16,35,0,,
00:00:16,36,236,1
00:00:16,37,0,,
00:00:16,38,0,,
00:00:16,39,0,,
00:00:16,40,237,1
00:00:16,41,0,,
00:00:16,42,0,,
00:00:16,43,0,,
00:00:16,44,238,1
00:00:16,45,0,,
00:00:16,46,0,,
00:00:16,47,0,,
00:00:16,48,239,1
00:00:16,49,0,,
00:00:16,50,0,,
00:00:16,51,0,,
00:00:16,52,240,1
00:00:16,53,0,,
00:00:16,54,0,,
00:00:16,55,0,,
00:00:16,56,241,1
00:00:17,0,242,1
00:00:17,1,0,,
00:00:17,2,0,,
00:00:17,3,0,,
00:00:17,4,243,0
00:00:17,5,0,,
00:00:17,6,0,,
00:00:17,7,0,,
00:00:17,8,244,1
00:00:17,9,0,,
00:00:17,10,0,,
00:00:17,11,0,,
00:00:17,12,245,1
00:00:17,13,0,,
00:00:17,14,0,,
00:00:17,15,246,1
00:00:17,16,0,,
00:00:17,17,0,,
00:00:17,18,0,,
00:00:17,19,247,1
00:00:17,20,0,,
00:00:17,21,0,,
00:00:17,22,0,,
00:00:17,23,248,1
00:00:17,24,0,,
00:00:17,25,0,,
00:00:17,26,0,,
00:00:17,27,249,1
00:00:17,28,0,,
00:00:17,29,0,,
00:00:17,30,0,,
00:00:17,31,250,1
00:00:17,32,0,,
00:00:17,33,0,,
00:00:17,34,0,,
00:00:17,35,251,1
00:00:17,36,0,,
00:00:17,37,0,,
00:00:17,38,0,,
00:00:17,39,252,1
00:00:17,40,0,,
00:00:17,41,0,,
00:00:17,42,0,,
00:00:17,43,253,1
00:00:17,44,0,,
00:00:17,45,0,,
00:00:17,46,0,,
00:00:17,47,254,1
00:00:17,48,0,,
00:00:17,49,0,,
00:00:17,50,0,,
00:00:17,51,255,1
00:00:17,52,0,,
00:00:17,53,0,,
00:00:17,54,0,,
00:00:17,55,256,1
00:00:17,56,0,,
00:00:17,57,0,,
00:00:17,58,0,,
00:00:17,59,257,1
00:00:18,3,258,1
00:00:18,4,0,,
00:00:18,5,0,,
00:00:18,6,0,,
00:00:18,7,259,1
00:00:18,8,0,,
00:00:18,9,0,,
00:00:18,10,0,,
00:00:18,11,260,1
00:00:18,12,0,,
00:00:18,13,0,,
00:00:18,14,0,,
00:00:18,15,261,1
00:00:18,16,0,,
00:00:18,17,0,,
00:00:18,18,0,,
00:00:18,19,262,1
00:00:18,20,0,,
00:00:18,21,0,,
00:00:18,22,0,,
00:00:18,23,263,1
00:00:18,24,0,,
00:00:18,25,0,,
00:00:18,26,0,,
00:00:18,27,264,1
00:00:18,28,0,,
00:00:18,29,0,,
00:00:18,30,0,,
00:00:18,31,265,1
00:00:18,32,0,,
00:00:18,33,0,,
00:00:18,34,0,,
00:00:18,35,266,1
00:00:18,36,0,,
00:00:18,37,0,,
00:00:18,38,0,,
00:00:18,39,267,1
00:00:18,40,0,,
00:00:18,41,0,,
00:00:18,42,0,,
00:00:18,43,268,1
00:00:18,44,0,,
00:00:18,45,0,,
00:00:18,46,0,,
00:00:18,47,269,1
00:00:18,48,0,,
00:00:18,49,0,,
00:00:18,50,0,,
00:00:18,51,270,1
00:00:18,52,0,,
00:00:18,53,0,,
00:00:18,54,271,1
00:00:18,55,0,,
00:00:18,56,0,,
00:00:18,57,0,,
00:00:18,58,272,1
00:00:19,2,273,1
00:00:19,3,0,,
00:00:19,4,0,,
00:00:19,5,0,,
00:00:19,6,0,,
00:00:19,7,274,1
00:00:19,8,0,,
00:00:19,9,0,,
00:00:19,10,275,1
00:00:19,11,0,,
00:00:19,12,0,,
00:00:19,13,0,,
00:00:19,14,276,1
00:00:19,15,0,,
00:00:19,16,0,,
00:00:19,17,0,,
00:00:19,18,277,1
00:00:19,19,0,,
00:00:19,20,0,,
00:00:19,21,0,,
00:00:19,22,278,1
00:00:19,23,0,,
00:00:19,24,0,,
00:00:19,25,0,,
00:00:19,26,279,1
00:00:19,27,0,,
00:00:19,28,0,,
00:00:19,29,0,,
00:00:19,30,280,1
00:00:19,31,0,,
00:00:19,32,0,,
00:00:19,33,0,,
00:00:19,34,281,1
00:00:19,35,0,,
00:00:19,36,0,,
00:00:19,37,0,,
00:00:19,38,282,1
00:00:19,39,0,,
00:00:19,40,0,,
00:00:19,41,0,,
00:00:19,42,283,1
00:00:19,43,0,,
00:00:19,44,0,,
00:00:19,45,0,,
00:00:19,46,284,1
00:00:19,47,0,,
00:00:19,48,0,,
00:00:19,49,0,,
00:00:19,50,285,1
00:00:19,51,0,,
00:00:19,52,0,,
00:00:19,53,0,,
00:00:19,54,286,1
00:00:19,55,0,,
00:00:19,56,0,,
00:00:19,57,0,,
00:00:19,58,287,1
00:00:20,2,288,1
00:00:20,3,0,,
00:00:20,4,0,,
00:00:20,5,0,,
00:00:20,6,289,1
00:00:20,7,0,,
00:00:20,8,0,,
00:00:20,9,0,,
00:00:20,10,290,1
00:00:20,11,0,,
00:00:20,12,0,,
00:00:20,13,0,,
00:00:20,14,291,1
00:00:20,15,0,,
00:00:20,16,0,,
00:00:20,17,0,,
00:00:20,18,292,1
00:00:20,19,0,,
00:00:20,20,0,,
00:00:20,21,0,,
00:00:20,22,293,1
00:00:20,23,0,,
00:00:20,24,0,,
00:00:20,25,0,,
00:00:20,26,294,1
00:00:20,27,0,,
00:00:20,28,0,,
00:00:20,29,0,,
00:00:20,30,295,1
00:00:20,31,0,,
00:00:20,32,0,,
00:00:20,33,0,,
00:00:20,34,296,1
00:00:20,35,0,,
00:00:20,36,0,,
00:00:20,37,0,,
00:00:20,38,297,1
00:00:20,39,0,,
00:00:20,40,0,,
00:00:20,41,298,1
00:00:20,42,0,,
00:00:20,43,0,,
00:00:20,44,0,,
00:00:20,45,299,1
00:00:20,46,0,,
00:00:20,47,0,,
00:00:20,48,0,,
00:00:20,49,300,1
00:00:20,50,0,,
00:00:20,51,0,,
00:00:20,52,0,,
00:00:20,53,0,,
00:00:20,54,301,1
00:00:20,55,0,,
00:00:20,56,0,,
00:00:20,57,302,1
00:00:21,1,303,1
00:00:21,2,0,,
00:00:21,3,0,,
00:00:21,4,0,,
00:00:21,5,304,1
00:00:21,6,0,,
00:00:21,7,0,,
00:00:21,8,0,,
00:00:21,9,305,1
00:00:21,10,0,,
00:00:21,11,0,,
00:00:21,12,0,,
00:00:21,13,306,1
00:00:21,14,0,,
00:00:21,15,0,,
00:00:21,16,0,,
00:00:21,17,307,1
00:00:21,18,0,,
00:00:21,19,0,,
00:00:21,20,0,,
00:00:21,21,308,1
00:00:21,22,0,,
00:00:21,23,0,,
00:00:21,24,0,,
00:00:21,25,309,1
00:00:21,26,0,,
00:00:21,27,0,,
00:00:21,28,0,,
00:00:21,29,310,1
00:00:21,30,0,,
00:00:21,31,0,,
00:00:21,32,0,,
00:00:21,33,311,1
00:00:21,34,0,,
00:00:21,35,0,,
00:00:21,36,0,,
00:00:21,37,312,1
00:00:21,38,0,,
00:00:21,39,0,,
00:00:21,40,0,,
00:00:21,41,313,1
00:00:21,42,0,,
00:00:21,43,0,,
00:00:21,44,0,,
00:00:21,45,314,1
00:00:21,46,0,,
00:00:21,47,0,,
00:00:21,48,0,,
00:00:21,49,315,1
00:00:21,50,0,,
00:00:21,51,0,,
00:00:21,52,0,,
00:00:21,53,316,1
00:00:21,54,0,,
00:00:21,55,0,,
00:00:21,56,0,,
00:00:21,57,317,1
00:00:22,1,318,1
00:00:22,2,0,,
00:00:22,3,0,,
00:00:22,4,0,,
00:00:22,5,319,1
00:00:22,6,0,,
00:00:22,7,0,,
00:00:22,8,0,,
00:00:22,9,320,1
00:00:22,10,0,,
00:00:22,11,0,,
00:00:22,12,321,1
00:00:22,13,0,,
00:00:22,14,0,,
00:00:22,15,0,,
00:00:22,16,0,,
00:00:22,17,322,1
00:00:22,18,0,,
00:00:22,19,0,,
00:00:22,20,323,1
00:00:22,21,0,,
00:00:22,22,0,,
00:00:22,23,0,,
00:00:22,24,0,,
00:00:22,25,324,1
00:00:22,26,0,,
00:00:22,27,0,,
00:00:22,28,325,1
00:00:22,29,0,,
00:00:22,30,0,,
00:00:22,31,0,,
00:00:22,32,326,1
00:00:22,33,0,,
00:00:22,34,0,,
00:00:22,35,0,,
00:00:22,36,327,1
00:00:22,37,0,,
00:00:22,38,0,,
00:00:22,39,0,,
00:00:22,40,328,1
00:00:22,41,0,,
00:00:22,42,0,,
00:00:22,43,0,,
00:00:22,44,329,1
00:00:22,45,0,,
00:00:22,46,0,,
00:00:22,47,0,,
00:00:22,48,330,1
00:00:22,49,0,,
00:00:22,50,0,,
00:00:22,51,0,,
00:00:22,52,331,1
00:00:22,53,0,,
00:00:22,54,0,,
00:00:22,55,0,,
00:00:22,56,332,1
00:00:23,0,333,1
00:00:23,1,0,,
00:00:23,2,0,,
00:00:23,3,0,,
00:00:23,4,334,1
00:00:23,5,0,,
00:00:23,6,0,,
00:00:23,7,0,,
00:00:23,8,335,1
00:00:23,9,0,,
00:00:23,10,0,,
00:00:23,11,0,,
00:00:23,12,336,1
00:00:23,13,0,,
00:00:23,14,0,,
00:00:23,15,0,,
00:00:23,16,337,1
00:00:23,17,0,,
00:00:23,18,0,,
00:00:23,19,0,,
00:00:23,20,338,1
00:00:23,21,0,,
00:00:23,22,0,,
00:00:23,23,0,,
00:00:23,24,339,1
00:00:23,25,0,,
00:00:23,26,0,,
00:00:23,27,0,,
00:00:23,28,340,1
00:00:23,29,0,,
00:00:23,30,0,,
00:00:23,31,0,,
00:00:23,32,341,1
00:00:23,33,0,,
00:00:23,34,0,,
00:00:23,35,0,,
00:00:23,36,342,1
00:00:23,37,0,,
00:00:23,38,0,,
00:00:23,39,0,,
00:00:23,40,343,1
00:00:23,41,0,,
00:00:23,42,0,,
00:00:23,43,0,,
00:00:23,44,344,1
00:00:23,45,0,,
00:00:23,46,0,,
00:00:23,47,0,,
00:00:23,48,345,1
00:00:23,49,0,,
00:00:23,50,0,,
00:00:23,51,346,1
00:00:23,52,0,,
00:00:23,53,0,,
00:00:23,54,0,,
00:00:23,55,347,1
00:00:23,56,0,,
00:00:23,57,0,,
00:00:23,58,0,,
00:00:23,59,348,1
00:00:24,3,349,1
00:00:24,4,0,,
00:00:24,5,0,,
00:00:24,6,0,,
00:00:24,7,350,1
00:00:24,8,0,,
00:00:24,9,0,,
00:00:24,10,0,,
00:00:24,11,0,,
00:00:24,12,351,1
00:00:24,13,0,,
00:00:24,14,0,,
00:00:24,15,0,,
00:00:24,16,352,1
00:00:24,17,0,,
00:00:24,18,0,,
00:00:24,19,353,1
00:00:24,20,0,,
00:00:24,21,0,,
00:00:24,22,0,,
00:00:24,23,354,1
00:00:24,24,0,,
00:00:24,25,0,,
00:00:24,26,0,,
00:00:24,27,355,1
00:00:24,28,0,,
00:00:24,29,0,,
00:00:24,30,0,,
00:00:24,31,356,1
00:00:24,32,0,,
00:00:24,33,0,,
00:00:24,34,0,,
00:00:24,35,357,1
00:00:24,36,0,,
00:00:24,37,0,,
00:00:24,38,0,,
00:00:24,39,358,1
00:00:24,40,0,,
00:00:24,41,0,,
00:00:24,42,0,,
00:00:24,43,359,1
00:00:24,44,0,,
00:00:24,45,0,,
00:00:24,46,0,,
00:00:24,47,360,1
00:00:24,48,0,,
00:00:24,49,0,,
00:00:24,50,0,,
00:00:24,51,361,1
00:00:24,52,0,,
00:00:24,53,0,,
00:00:24,54,0,,
00:00:24,55,362,0
00:00:24,56,0,,
00:00:24,57,0,,
00:00:24,58,0,,
00:00:24,59,363,0
00:00:25,3,364,1
00:00:25,4,0,,
00:00:25,5,0,,
00:00:25,6,0,,
00:00:25,7,365,1
00:00:25,8,0,,
00:00:25,9,0,,
00:00:25,10,0,,
00:00:25,11,366,1
00:00:25,12,0,,
00:00:25,13,0,,
00:00:25,14,0,,
00:00:25,15,367,1
00:00:25,16,0,,
00:00:25,17,0,,
00:00:25,18,0,,
00:00:25,19,368,1
00:00:25,20,0,,
00:00:25,21,0,,
00:00:25,22,0,,
00:00:25,23,369,1
00:00:25,24,0,,
00:00:25,25,0,,
00:00:25,26,370,1
00:00:25,27,0,,
00:00:25,28,0,,
00:00:25,29,0,,
00:00:25,30,371,1
00:00:25,31,0,,
00:00:25,32,0,,
00:00:25,33,0,,
00:00:25,34,0,,
00:00:25,35,372,1
00:00:25,36,0,,
00:00:25,37,0,,
00:00:25,38,373,1
00:00:25,39,0,,
00:00:25,40,0,,
00:00:25,41,0,,
00:00:25,42,0,,
00:00:25,43,374,1
00:00:25,44,0,,
00:00:25,45,0,,
00:00:25,46,0,,
00:00:25,47,375,1
00:00:25,48,0,,
00:00:25,49,0,,
00:00:25,50,0,,
00:00:25,51,376,1
00:00:25,52,0,,
00:00:25,53,0,,
00:00:25,54,0,,
00:00:25,55,377,1
00:00:25,56,0,,
00:00:25,57,0,,
00:00:25,58,378,1
00:00:26,2,379,1
00:00:26,3,0,,
00:00:26,4,0,,
00:00:26,5,0,,
00:00:26,6,380,1
00:00:26,7,0,,
00:00:26,8,0,,
00:00:26,9,0,,
00:00:26,10,381,1
00:00:26,11,0,,
00:00:26,12,0,,
00:00:26,13,0,,
00:00:26,14,382,1
00:00:26,15,0,,
00:00:26,16,0,,
00:00:26,17,0,,
00:00:26,18,383,1
00:00:26,19,0,,
00:00:26,20,0,,
00:00:26,21,0,,
00:00:26,22,384,1
00:00:26,23,0,,
00:00:26,24,0,,
00:00:26,25,0,,
00:00:26,26,385,1
00:00:26,27,0,,
00:00:26,28,0,,
00:00:26,29,0,,
00:00:26,30,386,1
00:00:26,31,0,,
00:00:26,32,0,,
00:00:26,33,0,,
00:00:26,34,387,1
00:00:26,35,0,,
00:00:26,36,0,,
00:00:26,37,0,,
00:00:26,38,388,0
00:00:26,39,0,,
00:00:26,40,0,,
00:00:26,41,0,,
00:00:26,42,389,0
00:00:26,43,0,,
00:00:26,44,0,,
00:00:26,45,0,,
00:00:26,46,390,1
00:00:26,47,0,,
00:00:26,48,0,,
00:00:26,49,0,,
00:00:26,50,391,1
00:00:26,51,0,,
00:00:26,52,0,,
00:00:26,53,0,,
00:00:26,54,392,1
00:00:26,55,0,,
00:00:26,56,0,,
00:00:26,57,0,,
00:00:26,58,393,1
00:00:27,1,394,1
00:00:27,2,0,,
00:00:27,3,0,,
00:00:27,4,0,,
00:00:27,5,0,,
00:00:27,6,395,1
00:00:27,7,0,,
00:00:27,8,0,,
00:00:27,9,396,1
00:00:27,10,0,,
00:00:27,11,0,,
00:00:27,12,0,,
00:00:27,13,397,1
00:00:27,14,0,,
00:00:27,15,0,,
00:00:27,16,0,,
00:00:27,17,398,1
00:00:27,18,0,,
00:00:27,19,0,,
00:00:27,20,0,,
00:00:27,21,399,1
00:00:27,22,0,,
00:00:27,23,0,,
00:00:27,24,0,,
00:00:27,25,400,1
00:00:27,26,0,,
00:00:27,27,0,,
00:00:27,28,0,,
00:00:27,29,0,,
00:00:27,30,401,1
00:00:27,31,0,,
00:00:27,32,0,,
00:00:27,33,0,,
00:00:27,34,402,1
00:00:27,35,0,,
00:00:27,36,0,,
00:00:27,37,403,0
00:00:27,38,0,,
00:00:27,39,0,,
00:00:27,40,0,,
00:00:27,41,404,1
00:00:27,42,0,,
00:00:27,43,0,,
00:00:27,44,0,,
00:00:27,45,405,1
00:00:27,46,0,,
00:00:27,47,0,,
00:00:27,48,0,,
00:00:27,49,406,1
00:00:27,50,0,,
00:00:27,51,0,,
00:00:27,52,0,,
00:00:27,53,407,1
00:00:27,54,0,,
00:00:27,55,0,,
00:00:27,56,0,,
00:00:27,57,408,1
00:00:28,1,409,1
00:00:28,2,0,,
00:00:28,3,0,,
00:00:28,4,0,,
00:00:28,5,410,1
00:00:28,6,0,,
00:00:28,7,0,,
00:00:28,8,0,,
00:00:28,9,411,1
00:00:28,10,0,,
00:00:28,11,0,,
00:00:28,12,0,,
00:00:28,13,0,,
00:00:28,14,0,,
00:00:28,15,412,1
00:00:28,16,0,,
00:00:28,17,0,,
00:00:28,18,0,,
00:00:28,19,413,1
00:00:28,20,0,,
00:00:28,21,0,,
00:00:28,22,0,,
00:00:28,23,414,0
00:00:28,24,0,,
00:00:28,25,0,,
00:00:28,26,0,,
00:00:28,27,415,1
00:00:28,28,0,,
00:00:28,29,0,,
00:00:28,30,0,,
00:00:28,31,416,1
00:00:28,32,0,,
00:00:28,33,0,,
00:00:28,34,0,,
00:00:28,35,417,1
00:00:28,36,0,,
00:00:28,37,0,,
00:00:28,38,0,,
00:00:28,39,418,1
00:00:28,40,0,,
00:00:28,41,0,,
00:00:28,42,0,,
00:00:28,43,419,1
00:00:28,44,0,,
00:00:28,45,0,,
00:00:28,46,420,1
00:00:28,47,0,,
00:00:28,48,0,,
00:00:28,49,0,,
00:00:28,50,421,1
00:00:28,51,0,,
00:00:28,52,0,,
00:00:28,53,0,,
00:00:28,54,0,,
00:00:28,55,422,1
00:00:28,56,0,,
00:00:28,57,0,,
00:00:28,58,423,1
00:00:29,2,424,1
00:00:29,3,0,,
00:00:29,4,0,,
00:00:29,5,0,,
00:00:29,6,425,1
00:00:29,7,0,,
00:00:29,8,0,,
00:00:29,9,0,,
00:00:29,10,426,0
00:00:29,11,0,,
00:00:29,12,0,,
00:00:29,13,0,,
00:00:29,14,427,1
00:00:29,15,0,,
00:00:29,16,0,,
00:00:29,17,0,,
00:00:29,18,428,1
00:00:29,19,0,,
00:00:29,20,0,,
00:00:29,21,0,,
00:00:29,22,429,1
00:00:29,23,0,,
00:00:29,24,0,,
00:00:29,25,0,,
00:00:29,26,430,1
00:00:29,27,0,,
00:00:29,28,0,,
00:00:29,29,0,,
00:00:29,30,431,1
00:00:29,31,0,,
00:00:29,32,0,,
00:00:29,33,0,,
00:00:29,34,432,1
00:00:29,35,0,,
00:00:29,36,0,,
00:00:29,37,0,,
00:00:29,38,433,1
00:00:29,39,0,,
00:00:29,40,0,,
00:00:29,41,0,,
00:00:29,42,434,1
00:00:29,43,0,,
00:00:29,44,0,,
00:00:29,45,0,,
00:00:29,46,435,1
00:00:29,47,0,,
00:00:29,48,0,,
00:00:29,49,0,,
00:00:29,50,436,0
00:00:29,51,0,,
00:00:29,52,0,,
00:00:29,53,0,,
00:00:29,54,437,1
00:00:29,55,0,,
00:00:29,56,0,,
00:00:29,57,0,,
00:00:29,58,438,1
00:00:30,2,439,1
00:00:30,3,0,,
00:00:30,4,0,,
00:00:30,5,0,,
00:00:30,6,440,1
00:00:30,7,0,,
00:00:30,8,0,,
00:00:30,9,0,,
00:00:30,10,441,1
00:00:30,11,0,,
00:00:30,12,0,,
00:00:30,13,0,,
00:00:30,14,442,1
00:00:30,15,0,,
00:00:30,16,0,,
00:00:30,17,0,,
00:00:30,18,443,1
00:00:30,19,0,,
00:00:30,20,0,,
00:00:30,21,0,,
00:00:30,22,444,1
00:00:30,23,0,,
00:00:30,24,0,,
00:00:30,25,0,,
00:00:30,26,445,1
00:00:30,27,0,,
00:00:30,28,0,,
00:00:30,29,0,,
00:00:30,30,446,1
00:00:30,31,0,,
00:00:30,32,0,,
00:00:30,33,447,1
00:00:30,34,0,,
00:00:30,35,0,,
00:00:30,36,0,,
00:00:30,37,448,1
00:00:30,38,0,,
00:00:30,39,0,,
00:00:30,40,0,,
00:00:30,41,0,,
00:00:30,42,449,0
00:00:30,43,0,,
00:00:30,44,0,,
00:00:30,45,450,1
00:00:30,46,0,,
00:00:30,47,0,,
00:00:30,48,0,,
00:00:30,49,451,1
00:00:30,50,0,,
00:00:30,51,0,,
00:00:30,52,0,,
00:00:30,53,452,1
00:00:30,54,0,,
00:00:30,55,0,,
00:00:30,56,0,,
00:00:30,57,453,1
00:00:31,1,454,1
00:00:31,2,0,,
00:00:31,3,0,,
00:00:31,4,0,,
00:00:31,5,455,1
00:00:31,6,0,,
00:00:31,7,0,,
00:00:31,8,0,,
00:00:31,9,456,1
00:00:31,10,0,,
00:00:31,11,0,,
00:00:31,12,0,,
00:00:31,13,457,1
00:00:31,14,0,,
00:00:31,15,0,,
00:00:31,16,0,,
00:00:31,17,458,1
00:00:31,18,0,,
00:00:31,19,0,,
00:00:31,20,0,,
00:00:31,21,459,1
00:00:31,22,0,,
00:00:31,23,0,,
00:00:31,24,0,,
00:00:31,25,460,1
00:00:31,26,0,,
00:00:31,27,0,,
00:00:31,28,0,,
00:00:31,29,461,1
00:00:31,30,0,,
00:00:31,31,0,,
00:00:31,32,0,,
00:00:31,33,462,1
00:00:31,34,0,,
00:00:31,35,0,,
00:00:31,36,0,,
00:00:31,37,463,1
00:00:31,38,0,,
00:00:31,39,0,,
00:00:31,40,0,,
00:00:31,41,464,1
00:00:31,42,0,,
00:00:31,43,0,,
00:00:31,44,0,,
00:00:31,45,465,1
00:00:31,46,0,,
00:00:31,47,0,,
00:00:31,48,0,,
00:00:31,49,466,1
00:00:31,50,0,,
00:00:31,51,0,,
00:00:31,52,0,,
00:00:31,53,467,1
00:00:31,54,0,,
00:00:31,55,0,,
00:00:31,56,468,1
00:00:32,1,469,1
00:00:32,2,0,,
00:00:32,3,0,,
00:00:32,4,0,,
00:00:32,5,470,1
00:00:32,6,0,,
00:00:32,7,0,,
00:00:32,8,0,,
00:00:32,9,471,1
00:00:32,10,0,,
00:00:32,11,0,,
00:00:32,12,0,,
00:00:32,13,472,1
00:00:32,14,0,,
00:00:32,15,0,,
00:00:32,16,473,1
00:00:32,17,0,,
00:00:32,18,0,,
00:00:32,19,0,,
00:00:32,20,0,,
00:00:32,21,474,1
00:00:32,22,0,,
00:00:32,23,0,,
00:00:32,24,475,1
00:00:32,25,0,,
00:00:32,26,0,,
00:00:32,27,0,,
00:00:32,28,476,1
00:00:32,29,0,,
00:00:32,30,0,,
00:00:32,31,0,,
00:00:32,32,477,1
00:00:32,33,0,,
00:00:32,34,0,,
00:00:32,35,0,,
00:00:32,36,478,1
00:00:32,37,0,,
00:00:32,38,0,,
00:00:32,39,0,,
00:00:32,40,479,1
00:00:32,41,0,,
00:00:32,42,0,,
00:00:32,43,0,,
00:00:32,44,480,1
00:00:32,45,0,,
00:00:32,46,0,,
00:00:32,47,0,,
00:00:32,48,481,1
00:00:32,49,0,,
00:00:32,50,0,,
00:00:32,51,0,,
00:00:32,52,482,1
00:00:32,53,0,,
00:00:32,54,0,,
00:00:32,55,0,,
00:00:32,56,483,1
00:00:33,0,484,1
00:00:33,1,0,,
00:00:33,2,0,,
00:00:33,3,0,,
00:00:33,4,485,1
00:00:33,5,0,,
00:00:33,6,0,,
00:00:33,7,0,,
00:00:33,8,486,1
00:00:33,9,0,,
00:00:33,10,0,,
00:00:33,11,0,,
00:00:33,12,487,1
00:00:33,13,0,,
00:00:33,14,0,,
00:00:33,15,0,,
00:00:33,16,488,1
00:00:33,17,0,,
00:00:33,18,0,,
00:00:33,19,0,,
00:00:33,20,489,1
00:00:33,21,0,,
00:00:33,22,0,,
00:00:33,23,0,,
00:00:33,24,490,1
00:00:33,25,0,,
00:00:33,26,0,,
00:00:33,27,0,,
00:00:33,28,491,0
00:00:33,29,0,,
00:00:33,30,0,,
00:00:33,31,0,,
00:00:33,32,492,1
00:00:33,33,0,,
00:00:33,34,0,,
00:00:33,35,0,,
00:00:33,36,493,1
00:00:33,37,0,,
00:00:33,38,0,,
00:00:33,39,0,,
00:00:33,40,494,1
00:00:33,41,0,,
00:00:33,42,0,,
00:00:33,43,495,1
00:00:33,44,0,,
00:00:33,45,0,,
00:00:33,46,0,,
00:00:33,47,0,,
00:00:33,48,496,1
00:00:33,49,0,,
00:00:33,50,0,,
00:00:33,51,0,,
00:00:33,52,497,1
00:00:33,53,0,,
00:00:33,54,0,,
00:00:33,55,498,1
00:00:33,56,0,,
00:00:33,57,0,,
00:00:33,58,0,,
00:00:33,59,499,1
00:00:34,4,500,1
00:00:34,5,0,,
00:00:34,6,0,,
00:00:34,7,501,1
00:00:34,8,0,,
00:00:34,9,0,,
00:00:34,10,0,,
00:00:34,11,502,1
00:00:34,12,0,,
00:00:34,13,0,,
00:00:34,14,0,,
00:00:34,15,503,1
00:00:34,16,0,,
00:00:34,17,0,,
00:00:34,18,0,,
00:00:34,19,504,1
00:00:34,20,0,,
00:00:34,21,0,,
00:00:34,22,0,,
00:00:34,23,505,1
00:00:34,24,0,,
00:00:34,25,0,,
00:00:34,26,0,,
00:00:34,27,506,1
00:00:34,28,0,,
00:00:34,29,0,,
00:00:34,30,0,,
00:00:34,31,507,1
00:00:34,32,0,,
00:00:34,33,0,,
00:00:34,34,0,,
00:00:34,35,508,1
00:00:34,36,0,,
00:00:34,37,0,,
00:00:34,38,0,,
00:00:34,39,509,1
00:00:34,40,0,,
00:00:34,41,0,,
00:00:34,42,0,,
00:00:34,43,510,1
00:00:34,44,0,,
00:00:34,45,0,,
00:00:34,46,0,,
00:00:34,47,511,1
00:00:34,48,0,,
00:00:34,49,0,,
00:00:34,50,0,,
00:00:34,51,512,1
00:00:34,52,0,,
00:00:34,53,0,,
00:00:34,54,0,,
00:00:34,55,513,1
00:00:34,56,0,,
00:00:34,57,0,,
00:00:34,58,0,,
00:00:34,59,514,1
00:00:35,3,515,1
00:00:35,4,0,,
00:00:35,5,0,,
00:00:35,6,0,,
00:00:35,7,516,1
00:00:35,8,0,,
00:00:35,9,0,,
00:00:35,10,0,,
00:00:35,11,517,1
00:00:35,12,0,,
00:00:35,13,0,,
00:00:35,14,0,,
00:00:35,15,518,1
00:00:35,16,0,,
00:00:35,17,0,,
00:00:35,18,0,,
00:00:35,19,519,1
00:00:35,20,0,,
00:00:35,21,0,,
00:00:35,22,0,,
00:00:35,23,520,1
00:00:35,24,0,,
00:00:35,25,0,,
00:00:35,26,0,,
00:00:35,27,521,1
00:00:35,28,0,,
00:00:35,29,0,,
00:00:35,30,0,,
00:00:35,31,522,1
00:00:35,32,0,,
00:00:35,33,0,,
00:00:35,34,0,,
00:00:35,35,523,1
00:00:35,36,0,,
00:00:35,37,0,,
00:00:35,38,0,,
00:00:35,39,524,1
00:00:35,40,0,,
00:00:35,41,0,,
00:00:35,42,525,0
00:00:35,43,0,,
00:00:35,44,0,,
00:00:35,45,0,,
00:00:35,46,526,1
00:00:35,47,0,,
00:00:35,48,0,,
00:00:35,49,0,,
00:00:35,50,527,1
00:00:35,51,0,,
00:00:35,52,0,,
00:00:35,53,0,,
00:00:35,54,528,1
00:00:35,55,0,,
00:00:35,56,0,,
00:00:35,57,0,,
00:00:35,58,529,1
00:00:36,2,530,1
00:00:36,3,0,,
00:00:36,4,0,,
00:00:36,5,0,,
00:00:36,6,531,1
00:00:36,7,0,,
00:00:36,8,0,,
00:00:36,9,0,,
00:00:36,10,532,1
00:00:36,11,0,,
00:00:36,12,0,,
00:00:36,13,0,,
00:00:36,14,533,1
00:00:36,15,0,,
00:00:36,16,0,,
00:00:36,17,0,,
00:00:36,18,534,0
00:00:36,19,0,,
00:00:36,20,0,,
00:00:36,21,0,,
00:00:36,22,535,0
00:00:36,23,0,,
00:00:36,24,0,,
00:00:36,25,0,,
00:00:36,26,536,0
00:00:36,27,0,,
00:00:36,28,0,,
00:00:36,29,0,,
00:00:36,30,537,1
00:00:36,31,0,,
00:00:36,32,0,,
00:00:36,33,0,,
00:00:36,34,538,1
00:00:36,35,0,,
00:00:36,36,0,,
00:00:36,37,0,,
00:00:36,38,539,1
00:00:36,39,0,,
00:00:36,40,0,,
00:00:36,41,0,,
00:00:36,42,540,1
00:00:36,43,0,,
00:00:36,44,0,,
00:00:36,45,0,,
00:00:36,46,541,1
00:00:36,47,0,,
00:00:36,48,0,,
00:00:36,49,0,,
00:00:36,50,542,1
00:00:36,51,0,,
00:00:36,52,0,,
00:00:36,53,0,,
00:00:36,54,543,1
00:00:36,55,0,,
00:00:36,56,0,,
00:00:36,57,0,,
00:00:36,58,544,1
00:00:37,2,545,1
00:00:37,3,0,,
00:00:37,4,0,,
00:00:37,5,0,,
00:00:37,6,546,1
00:00:37,7,0,,
00:00:37,8,0,,
00:00:37,9,0,,
00:00:37,10,547,1
00:00:37,11,0,,
00:00:37,12,0,,
00:00:37,13,548,1
00:00:37,14,0,,
00:00:37,15,0,,
00:00:37,16,0,,
00:00:37,17,0,,
00:00:37,18,549,1
00:00:37,19,0,,
00:00:37,20,0,,
00:00:37,21,550,1
00:00:37,22,0,,
00:00:37,23,0,,
00:00:37,24,0,,
00:00:37,25,0,,
00:00:37,26,551,1
00:00:37,27,0,,
00:00:37,28,0,,
00:00:37,29,552,1
00:00:37,30,0,,
00:00:37,31,0,,
00:00:37,32,0,,
00:00:37,33,553,1
00:00:37,34,0,,
00:00:37,35,0,,
00:00:37,36,0,,
00:00:37,37,554,1
00:00:37,38,0,,
00:00:37,39,0,,
00:00:37,40,0,,
00:00:37,41,555,1
00:00:37,42,0,,
00:00:37,43,0,,
00:00:37,44,0,,
00:00:37,45,556,1
00:00:37,46,0,,
00:00:37,47,0,,
00:00:37,48,0,,
00:00:37,49,557,1
00:00:37,50,0,,
00:00:37,51,0,,
00:00:37,52,0,,
00:00:37,53,558,1
00:00:37,54,0,,
00:00:37,55,0,,
00:00:37,56,0,,
00:00:37,57,559,1
00:00:38,1,560,1
00:00:38,2,0,,
00:00:38,3,0,,
00:00:38,4,0,,
00:00:38,5,561,1
00:00:38,6,0,,
00:00:38,7,0,,
00:00:38,8,0,,
00:00:38,9,562,1
00:00:38,10,0,,
00:00:38,11,0,,
00:00:38,12,0,,
00:00:38,13,563,1
00:00:38,14,0,,
00:00:38,15,0,,
00:00:38,16,0,,
00:00:38,17,564,1
00:00:38,18,0,,
00:00:38,19,0,,
00:00:38,20,0,,
00:00:38,21,565,1
00:00:38,22,0,,
00:00:38,23,0,,
00:00:38,24,0,,
00:00:38,25,566,0
00:00:38,26,0,,
00:00:38,27,0,,
00:00:38,28,0,,
00:00:38,29,567,1
00:00:38,30,0,,
00:00:38,31,0,,
00:00:38,32,0,,
00:00:38,33,568,1
00:00:38,34,0,,
00:00:38,35,0,,
00:00:38,36,0,,
00:00:38,37,569,1
00:00:38,38,0,,
00:00:38,39,0,,
00:00:38,40,0,,
00:00:38,41,570,1
00:00:38,42,0,,
00:00:38,43,0,,
00:00:38,44,0,,
00:00:38,45,571,1
00:00:38,46,0,,
00:00:38,47,0,,
00:00:38,48,572,1
00:00:38,49,0,,
00:00:38,50,0,,
00:00:38,51,0,,
00:00:38,52,573,1
00:00:38,53,0,,
00:00:38,54,0,,
00:00:38,55,0,,
00:00:38,56,574,1
00:00:39,0,575,1
00:00:39,1,0,,
00:00:39,2,0,,
00:00:39,3,0,,
00:00:39,4,576,0
00:00:39,5,0,,
00:00:39,6,0,,
00:00:39,7,0,,
00:00:39,8,577,0
00:00:39,9,0,,
00:00:39,10,0,,
00:00:39,11,0,,
00:00:39,12,578,1
00:00:39,13,0,,
00:00:39,14,0,,
00:00:39,15,0,,
00:00:39,16,579,1
00:00:39,17,0,,
00:00:39,18,0,,
00:00:39,19,0,,
00:00:39,20,580,1
00:00:39,21,0,,
00:00:39,22,0,,
00:00:39,23,0,,
00:00:39,24,581,1
00:00:39,25,0,,
00:00:39,26,0,,
00:00:39,27,0,,
00:00:39,28,582,1
00:00:39,29,0,,
00:00:39,30,0,,
00:00:39,31,0,,
00:00:39,32,583,1
00:00:39,33,0,,
00:00:39,34,0,,
00:00:39,35,0,,
00:00:39,36,584,1
00:00:39,37,0,,
00:00:39,38,0,,
00:00:39,39,0,,
00:00:39,40,585,1
00:00:39,41,0,,
00:00:39,42,0,,
00:00:39,43,0,,
00:00:39,44,586,1
00:00:39,45,0,,
00:00:39,46,0,,
00:00:39,47,0,,
00:00:39,48,587,1
00:00:39,49,0,,
00:00:39,50,0,,
00:00:39,51,0,,
00:00:39,52,588,1
00:00:39,53,0,,
00:00:39,54,0,,
00:00:39,55,0,,
00:00:39,56,589,1
00:00:40,0,590,1
00:00:40,1,0,,
00:00:40,2,0,,
00:00:40,3,0,,
00:00:40,4,591,1
00:00:40,5,0,,
00:00:40,6,0,,
00:00:40,7,0,,
00:00:40,8,592,1
00:00:40,9,0,,
00:00:40,10,0,,
00:00:40,11,0,,
00:00:40,12,593,1
00:00:40,13,0,,
00:00:40,14,0,,
00:00:40,15,0,,
00:00:40,16,594,0
00:00:40,17,0,,
00:00:40,18,0,,
00:00:40,19,0,,
00:00:40,20,595,0
00:00:40,21,0,,
00:00:40,22,0,,
00:00:40,23,0,,
00:00:40,24,596,0
00:00:40,25,0,,
00:00:40,26,0,,
00:00:40,27,0,,
00:00:40,28,597,1
00:00:40,29,0,,
00:00:40,30,0,,
00:00:40,31,0,,
00:00:40,32,598,1
00:00:40,33,0,,
00:00:40,34,0,,
00:00:40,35,599,1
00:00:40,36,0,,
00:00:40,37,0,,
00:00:40,38,0,,
00:00:40,39,0,,
00:00:40,40,600,1
00:00:40,41,0,,
00:00:40,42,0,,
00:00:40,43,601,1
00:00:40,44,0,,
00:00:40,45,0,,
00:00:40,46,0,,
00:00:40,47,0,,
00:00:40,48,602,1
00:00:40,49,0,,
00:00:40,50,0,,
00:00:40,51,603,1
00:00:40,52,0,,
00:00:40,53,0,,
00:00:40,54,0,,
00:00:40,55,604,1
00:00:40,56,0,,
00:00:40,57,0,,
00:00:40,58,0,,
00:00:40,59,605,1
00:00:41,3,606,1
00:00:41,4,0,,
00:00:41,5,0,,
00:00:41,6,0,,
00:00:41,7,607,1
00:00:41,8,0,,
00:00:41,9,0,,
00:00:41,10,0,,
00:00:41,11,608,1
00:00:41,12,0,,
00:00:41,13,0,,
00:00:41,14,0,,
00:00:41,15,609,1
00:00:41,16,0,,
00:00:41,17,0,,
00:00:41,18,0,,
00:00:41,19,610,1
00:00:41,20,0,,
00:00:41,21,0,,
00:00:41,22,0,,
00:00:41,23,611,1
00:00:41,24,0,,
00:00:41,25,0,,
00:00:41,26,0,,
00:00:41,27,612,1
00:00:41,28,0,,
00:00:41,29,0,,
00:00:41,30,0,,
00:00:41,31,613,1
00:00:41,32,0,,
00:00:41,33,0,,
00:00:41,34,0,,
00:00:41,35,614,1
00:00:41,36,0,,
00:00:41,37,0,,
00:00:41,38,0,,
00:00:41,39,615,1
00:00:41,40,0,,
00:00:41,41,0,,
00:00:41,42,0,,
00:00:41,43,616,1
00:00:41,44,0,,
00:00:41,45,0,,
00:00:41,46,0,,
00:00:41,47,617,0
00:00:41,48,0,,
00:00:41,49,0,,
00:00:41,50,0,,
00:00:41,51,618,0
00:00:41,52,0,,
00:00:41,53,0,,
00:00:41,54,0,,
00:00:41,55,619,0
00:00:41,56,0,,
00:00:41,57,0,,
00:00:41,58,0,,
00:00:41,59,620,0
00:00:42,3,621,1
00:00:42,4,0,,
00:00:42,5,0,,
00:00:42,6,0,,
00:00:42,7,622,1
00:00:42,8,0,,
00:00:42,9,0,,
00:00:42,10,623,1
00:00:42,11,0,,
00:00:42,12,0,,
00:00:42,13,0,,
00:00:42,14,0,,
00:00:42,15,624,1
00:00:42,16,0,,
00:00:42,17,0,,
00:00:42,18,0,,
00:00:42,19,625,1
00:00:42,20,0,,
00:00:42,21,0,,
00:00:42,22,0,,
00:00:42,23,626,1
00:00:42,24,0,,
00:00:42,25,0,,
00:00:42,26,627,1
00:00:42,27,0,,
00:00:42,28,0,,
00:00:42,29,0,,
00:00:42,30,628,0
00:00:42,31,0,,
00:00:42,32,0,,
00:00:42,33,0,,
00:00:42,34,629,0
00:00:42,35,0,,
00:00:42,36,0,,
00:00:42,37,0,,
00:00:42,38,630,0
00:00:42,39,0,,
00:00:42,40,0,,
00:00:42,41,0,,
00:00:42,42,631,0
00:00:42,43,0,,
00:00:42,44,0,,
00:00:42,45,0,,
00:00:42,46,632,1
00:00:42,47,0,,
00:00:42,48,0,,
00:00:42,49,0,,
00:00:42,50,633,1
00:00:42,51,0,,
00:00:42,52,0,,
00:00:42,53,0,,
00:00:42,54,634,1
00:00:42,55,0,,
00:00:42,56,0,,
00:00:42,57,0,,
00:00:42,58,635,1
00:00:43,2,636,1
00:00:43,3,0,,
00:00:43,4,0,,
00:00:43,5,0,,
00:00:43,6,637,1
00:00:43,7,0,,
00:00:43,8,0,,
00:00:43,9,0,,
00:00:43,10,638,1
00:00:43,11,0,,
00:00:43,12,0,,
00:00:43,13,0,,
00:00:43,14,639,1
00:00:43,15,0,,
00:00:43,16,0,,
00:00:43,17,0,,
00:00:43,18,640,1
00:00:43,19,0,,
00:00:43,20,0,,
00:00:43,21,0,,
00:00:43,22,641,1
00:00:43,23,0,,
00:00:43,24,0,,
00:00:43,25,0,,
00:00:43,26,0,,
00:00:43,27,0,,
00:00:43,28,642,1
00:00:43,29,0,,
00:00:43,30,0,,
00:00:43,31,0,,
00:00:43,32,0,,
00:00:43,33,0,,
00:00:43,34,643,0
00:00:43,35,0,,
00:00:43,36,0,,
00:00:43,37,0,,
00:00:43,38,0,,
00:00:43,39,0,,
00:00:43,40,644,0
00:00:43,41,0,,
00:00:43,42,0,,
00:00:43,43,0,,
00:00:43,44,0,,
00:00:43,45,645,0
00:00:43,46,0,,
00:00:43,47,0,,
00:00:43,48,0,,
00:00:43,49,0,,
00:00:43,50,0,,
00:00:43,51,0,,
00:00:43,52,646,1
00:00:43,53,0,,
00:00:43,54,0,,
00:00:43,55,0,,
00:00:43,56,0,,
00:00:43,57,647,1
00:00:44,1,648,1
00:00:44,2,0,,
00:00:44,3,0,,
00:00:44,4,0,,
00:00:44,5,649,1
00:00:44,6,0,,
00:00:44,7,0,,
00:00:44,8,0,,
00:00:44,9,650,1
00:00:44,10,0,,
00:00:44,11,0,,
00:00:44,12,0,,
00:00:44,13,651,1
00:00:44,14,0,,
00:00:44,15,0,,
00:00:44,16,0,,
00:00:44,17,652,1
00:00:44,18,0,,
00:00:44,19,0,,
00:00:44,20,0,,
00:00:44,21,653,1
00:00:44,22,0,,
00:00:44,23,0,,
00:00:44,24,0,,
00:00:44,25,654,1
00:00:44,26,0,,
00:00:44,27,0,,
00:00:44,28,0,,
00:00:44,29,655,1
00:00:44,30,0,,
00:00:44,31,0,,
00:00:44,32,0,,
00:00:44,33,656,1
00:00:44,34,0,,
00:00:44,35,0,,
00:00:44,36,0,,
00:00:44,37,0,,
00:00:44,38,0,,
00:00:44,39,657,1
00:00:44,40,0,,
00:00:44,41,0,,
00:00:44,42,0,,
00:00:44,43,658,1
00:00:44,44,0,,
00:00:44,45,0,,
00:00:44,46,0,,
00:00:44,47,659,1
00:00:44,48,0,,
00:00:44,49,0,,
00:00:44,50,0,,
00:00:44,51,660,0
00:00:44,52,0,,
00:00:44,53,0,,
00:00:44,54,0,,
00:00:44,55,661,1
00:00:44,56,0,,
00:00:44,57,0,,
00:00:44,58,0,,
00:00:44,59,662,0
00:00:45,3,663,0
00:00:45,4,0,,
00:00:45,5,0,,
00:00:45,6,0,,
00:00:45,7,664,0
00:00:45,8,0,,
00:00:45,9,0,,
00:00:45,10,0,,
00:00:45,11,665,0
00:00:45,12,0,,
00:00:45,13,0,,
00:00:45,14,0,,
00:00:45,15,666,1
00:00:45,16,0,,
00:00:45,17,0,,
00:00:45,18,0,,
00:00:45,19,667,1
00:00:45,20,0,,
00:00:45,21,0,,
00:00:45,22,668,1
00:00:45,23,0,,
00:00:45,24,0,,
00:00:45,25,0,,
00:00:45,26,669,1
00:00:45,27,0,,
00:00:45,28,0,,
00:00:45,29,0,,
00:00:45,30,670,1
00:00:45,31,0,,
00:00:45,32,0,,
00:00:45,33,0,,
00:00:45,34,671,1
00:00:45,35,0,,
00:00:45,36,0,,
00:00:45,37,0,,
00:00:45,38,0,,
00:00:45,39,672,1
00:00:45,40,0,,
00:00:45,41,0,,
00:00:45,42,673,1
00:00:45,43,0,,
00:00:45,44,0,,
00:00:45,45,0,,
00:00:45,46,674,1
00:00:45,47,0,,
00:00:45,48,0,,
00:00:45,49,0,,
00:00:45,50,675,1
00:00:45,51,0,,
00:00:45,52,0,,
00:00:45,53,0,,
00:00:45,54,676,1
00:00:45,55,0,,
00:00:45,56,0,,
00:00:45,57,0,,
00:00:45,58,677,1
00:00:46,2,678,1
00:00:46,3,0,,
00:00:46,4,0,,
00:00:46,5,0,,
00:00:46,6,679,1
00:00:46,7,0,,
00:00:46,8,0,,
00:00:46,9,0,,
00:00:46,10,680,1
00:00:46,11,0,,
00:00:46,12,0,,
00:00:46,13,0,,
00:00:46,14,681,1
00:00:46,15,0,,
00:00:46,16,0,,
00:00:46,17,0,,
00:00:46,18,682,1
00:00:46,19,0,,
00:00:46,20,0,,
00:00:46,21,0,,
00:00:46,22,683,0
00:00:46,23,0,,
00:00:46,24,0,,
00:00:46,25,0,,
00:00:46,26,684,0
00:00:46,27,0,,
00:00:46,28,0,,
00:00:46,29,0,,
00:00:46,30,685,0
00:00:46,31,0,,
00:00:46,32,0,,
00:00:46,33,0,,
00:00:46,34,686,1
00:00:46,35,0,,
00:00:46,36,0,,
00:00:46,37,0,,
00:00:46,38,687,1
00:00:46,39,0,,
00:00:46,40,0,,
00:00:46,41,0,,
00:00:46,42,688,1
00:00:46,43,0,,
00:00:46,44,0,,
00:00:46,45,0,,
00:00:46,46,689,1
00:00:46,47,0,,
00:00:46,48,0,,
00:00:46,49,0,,
00:00:46,50,690,1
00:00:46,51,0,,
00:00:46,52,0,,
00:00:46,53,0,,
00:00:46,54,691,1
00:00:46,55,0,,
00:00:46,56,0,,
00:00:46,57,692,1
00:00:47,1,693,1
00:00:47,2,0,,
00:00:47,3,0,,
00:00:47,4,0,,
00:00:47,5,0,,
00:00:47,6,694,1
00:00:47,7,0,,
00:00:47,8,0,,
00:00:47,9,695,0
00:00:47,10,0,,
00:00:47,11,0,,
00:00:47,12,0,,
00:00:47,13,696,1
00:00:47,14,0,,
00:00:47,15,0,,
00:00:47,16,0,,
00:00:47,17,697,1
00:00:47,18,0,,
00:00:47,19,0,,
00:00:47,20,0,,
00:00:47,21,698,1
00:00:47,22,0,,
00:00:47,23,0,,
00:00:47,24,0,,
00:00:47,25,699,1
00:00:47,26,0,,
00:00:47,27,0,,
00:00:47,28,0,,
00:00:47,29,700,0
00:00:47,30,0,,
00:00:47,31,0,,
00:00:47,32,0,,
00:00:47,33,701,0
00:00:47,34,0,,
00:00:47,35,0,,
00:00:47,36,0,,
00:00:47,37,702,0
00:00:47,38,0,,
00:00:47,39,0,,
00:00:47,40,0,,
00:00:47,41,703,0
00:00:47,42,0,,
00:00:47,43,0,,
00:00:47,44,0,,
00:00:47,45,704,1
00:00:47,46,0,,
00:00:47,47,0,,
00:00:47,48,0,,
00:00:47,49,705,1
00:00:47,50,0,,
00:00:47,51,0,,
00:00:47,52,0,,
00:00:47,53,706,1
00:00:47,54,0,,
00:00:47,55,0,,
00:00:47,56,0,,
00:00:47,57,707,1
00:00:48,1,708,1
00:00:48,2,0,,
00:00:48,3,0,,
00:00:48,4,0,,
00:00:48,5,709,1
00:00:48,6,0,,
00:00:48,7,0,,
00:00:48,8,0,,
00:00:48,9,710,1
00:00:48,10,0,,
00:00:48,11,0,,
00:00:48,12,0,,
00:00:48,13,711,1
00:00:48,14,0,,
00:00:48,15,0,,
00:00:48,16,0,,
00:00:48,17,712,1
00:00:48,18,0,,
00:00:48,19,0,,
00:00:48,20,0,,
00:00:48,21,713,1
00:00:48,22,0,,
00:00:48,23,0,,
00:00:48,24,0,,
00:00:48,25,714,1
00:00:48,26,0,,
00:00:48,27,0,,
00:00:48,28,715,1
00:00:48,29,0,,
00:00:48,30,0,,
00:00:48,31,0,,
00:00:48,32,0,,
00:00:48,33,716,1
00:00:48,34,0,,
00:00:48,35,0,,
00:00:48,36,0,,
00:00:48,37,717,1
00:00:48,38,0,,
00:00:48,39,0,,
00:00:48,40,0,,
00:00:48,41,718,1
00:00:48,42,0,,
00:00:48,43,0,,
00:00:48,44,719,1
00:00:48,45,0,,
00:00:48,46,0,,
00:00:48,47,0,,
00:00:48,48,0,,
00:00:48,49,720,1
00:00:48,50,0,,
00:00:48,51,0,,
00:00:48,52,721,1
00:00:48,53,0,,
00:00:48,54,0,,
00:00:48,55,0,,
00:00:48,56,0,,
00:00:48,57,722,1
00:00:49,0,723,1
00:00:49,1,0,,
00:00:49,2,0,,
00:00:49,3,0,,
00:00:49,4,724,1
00:00:49,5,0,,
00:00:49,6,0,,
00:00:49,7,0,,
00:00:49,8,725,1
00:00:49,9,0,,
00:00:49,10,0,,
00:00:49,11,0,,
00:00:49,12,726,0
00:00:49,13,0,,
00:00:49,14,0,,
00:00:49,15,0,,
00:00:49,16,727,0
00:00:49,17,0,,
00:00:49,18,0,,
00:00:49,19,0,,
00:00:49,20,728,0
00:00:49,21,0,,
00:00:49,22,0,,
00:00:49,23,0,,
00:00:49,24,729,0
00:00:49,25,0,,
00:00:49,26,0,,
00:00:49,27,0,,
00:00:49,28,730,1
00:00:49,29,0,,
00:00:49,30,0,,
00:00:49,31,0,,
00:00:49,32,731,1
00:00:49,33,0,,
00:00:49,34,0,,
00:00:49,35,0,,
00:00:49,36,732,1
00:00:49,37,0,,
00:00:49,38,0,,
00:00:49,39,0,,
00:00:49,40,733,1
00:00:49,41,0,,
00:00:49,42,0,,
00:00:49,43,0,,
00:00:49,44,734,1
00:00:49,45,0,,
00:00:49,46,0,,
00:00:49,47,0,,
00:00:49,48,735,1
00:00:49,49,0,,
00:00:49,50,0,,
00:00:49,51,0,,
00:00:49,52,736,1
00:00:49,53,0,,
00:00:49,54,0,,
00:00:49,55,0,,
00:00:49,56,737,0
00:00:50,0,738,0
00:00:50,1,0,,
00:00:50,2,0,,
00:00:50,3,0,,
00:00:50,4,739,0
00:00:50,5,0,,
00:00:50,6,0,,
00:00:50,7,0,,
00:00:50,8,740,0
00:00:50,9,0,,
00:00:50,10,0,,
00:00:50,11,741,0
00:00:50,12,0,,
00:00:50,13,0,,
00:00:50,14,0,,
00:00:50,15,0,,
00:00:50,16,742,0
00:00:50,17,0,,
00:00:50,18,0,,
00:00:50,19,0,,
00:00:50,20,743,0
00:00:50,21,0,,
00:00:50,22,0,,
00:00:50,23,0,,
00:00:50,24,744,0
00:00:50,25,0,,
00:00:50,26,0,,
00:00:50,27,745,0
00:00:50,28,0,,
00:00:50,29,0,,
00:00:50,30,0,,
00:00:50,31,746,0
00:00:50,32,0,,
00:00:50,33,0,,
00:00:50,34,0,,
00:00:50,35,747,0
00:00:50,36,0,,
00:00:50,37,0,,
00:00:50,38,0,,
00:00:50,39,748,0
00:00:50,40,0,,
00:00:50,41,0,,
00:00:50,42,0,,
00:00:50,43,749,1
00:00:50,44,0,,
00:00:50,45,0,,
00:00:50,46,0,,
00:00:50,47,750,1
00:00:50,48,0,,
00:00:50,49,0,,
00:00:50,50,0,,
00:00:50,51,751,1
00:00:50,52,0,,
00:00:50,53,0,,
00:00:50,54,0,,
00:00:50,55,752,1
00:00:50,56,0,,
00:00:50,57,0,,
00:00:50,58,0,,
00:00:50,59,753,1
00:00:51,3,754,1
00:00:51,4,0,,
00:00:51,5,0,,
00:00:51,6,0,,
00:00:51,7,755,1
00:00:51,8,0,,
00:00:51,9,0,,
00:00:51,10,0,,
00:00:51,11,756,1
00:00:51,12,0,,
00:00:51,13,0,,
00:00:51,14,0,,
00:00:51,15,757,0
00:00:51,16,0,,
00:00:51,17,0,,
00:00:51,18,0,,
00:00:51,19,758,0
00:00:51,20,0,,
00:00:51,21,0,,
00:00:51,22,0,,
00:00:51,23,759,0
00:00:51,24,0,,
00:00:51,25,0,,
00:00:51,26,0,,
00:00:51,27,760,1
00:00:51,28,0,,
00:00:51,29,0,,
00:00:51,30,0,,
00:00:51,31,761,1
00:00:51,32,0,,
00:00:51,33,0,,
00:00:51,34,0,,
00:00:51,35,762,1
00:00:51,36,0,,
00:00:51,37,0,,
00:00:51,38,0,,
00:00:51,39,763,1
00:00:51,40,0,,
00:00:51,41,0,,
00:00:51,42,0,,
00:00:51,43,764,1
00:00:51,44,0,,
00:00:51,45,0,,
00:00:51,46,0,,
00:00:51,47,765,1
00:00:51,48,0,,
00:00:51,49,0,,
00:00:51,50,0,,
00:00:51,51,766,1
00:00:51,52,0,,
00:00:51,53,0,,
00:00:51,54,0,,
00:00:51,55,767,0
00:00:51,56,0,,
00:00:51,57,0,,
00:00:51,58,768,1
00:00:52,2,769,1
00:00:52,3,0,,
00:00:52,4,0,,
00:00:52,5,0,,
00:00:52,6,770,1
00:00:52,7,0,,
00:00:52,8,0,,
00:00:52,9,0,,
00:00:52,10,0,,
00:00:52,11,771,1
00:00:52,12,0,,
00:00:52,13,0,,
00:00:52,14,772,1
00:00:52,15,0,,
00:00:52,16,0,,
00:00:52,17,0,,
00:00:52,18,773,1
00:00:52,19,0,,
00:00:52,20,0,,
00:00:52,21,0,,
00:00:52,22,774,1
00:00:52,23,0,,
00:00:52,24,0,,
00:00:52,25,0,,
00:00:52,26,775,1
00:00:52,27,0,,
00:00:52,28,0,,
00:00:52,29,0,,
00:00:52,30,776,1
00:00:52,31,0,,
00:00:52,32,0,,
00:00:52,33,0,,
00:00:52,34,777,1
00:00:52,35,0,,
00:00:52,36,0,,
00:00:52,37,0,,
00:00:52,38,778,1
00:00:52,39,0,,
00:00:52,40,0,,
00:00:52,41,0,,
00:00:52,42,779,1
00:00:52,43,0,,
00:00:52,44,0,,
00:00:52,45,0,,
00:00:52,46,780,1
00:00:52,47,0,,
00:00:52,48,0,,
00:00:52,49,0,,
00:00:52,50,781,1
00:00:52,51,0,,
00:00:52,52,0,,
00:00:52,53,0,,
00:00:52,54,782,1
00:00:52,55,0,,
00:00:52,56,0,,
00:00:52,57,0,,
00:00:52,58,783,1
00:00:53,2,784,1
00:00:53,3,0,,
00:00:53,4,0,,
00:00:53,5,0,,
00:00:53,6,785,1
00:00:53,7,0,,
00:00:53,8,0,,
00:00:53,9,0,,
00:00:53,10,786,1
00:00:53,11,0,,
00:00:53,12,0,,
00:00:53,13,0,,
00:00:53,14,787,1
00:00:53,15,0,,
00:00:53,16,0,,
00:00:53,17,0,,
00:00:53,18,788,1
00:00:53,19,0,,
00:00:53,20,0,,
00:00:53,21,0,,
00:00:53,22,789,1
00:00:53,23,0,,
00:00:53,24,0,,
00:00:53,25,790,0
00:00:53,26,0,,
00:00:53,27,0,,
00:00:53,28,0,,
00:00:53,29,0,,
00:00:53,30,791,0
00:00:53,31,0,,
00:00:53,32,0,,
00:00:53,33,0,,
00:00:53,34,792,0
00:00:53,35,0,,
00:00:53,36,0,,
00:00:53,37,0,,
00:00:53,38,793,0
00:00:53,39,0,,
00:00:53,40,0,,
00:00:53,41,794,0
00:00:53,42,0,,
00:00:53,43,0,,
00:00:53,44,0,,
00:00:53,45,795,1
00:00:53,46,0,,
00:00:53,47,0,,
00:00:53,48,0,,
00:00:53,49,796,0
00:00:53,50,0,,
00:00:53,51,0,,
00:00:53,52,0,,
00:00:53,53,797,0
00:00:53,54,0,,
00:00:53,55,0,,
00:00:53,56,0,,
00:00:53,57,798,0
00:00:54,1,799,0
00:00:54,2,0,,
00:00:54,3,0,,
00:00:54,4,0,,
00:00:54,5,800,0
00:00:54,6,0,,
00:00:54,7,0,,
00:00:54,8,0,,
00:00:54,9,801,0
00:00:54,10,0,,
00:00:54,11,0,,
00:00:54,12,0,,
00:00:54,13,802,1
00:00:54,14,0,,
00:00:54,15,0,,
00:00:54,16,0,,
00:00:54,17,803,1
00:00:54,18,0,,
00:00:54,19,0,,
00:00:54,20,0,,
00:00:54,21,804,1
00:00:54,22,0,,
00:00:54,23,0,,
00:00:54,24,0,,
00:00:54,25,805,1
00:00:54,26,0,,
00:00:54,27,0,,
00:00:54,28,0,,
00:00:54,29,806,1
00:00:54,30,0,,
00:00:54,31,0,,
00:00:54,32,0,,
00:00:54,33,807,1
00:00:54,34,0,,
00:00:54,35,0,,
00:00:54,36,0,,
00:00:54,37,808,1
00:00:54,38,0,,
00:00:54,39,0,,
00:00:54,40,0,,
00:00:54,41,809,1
00:00:54,42,0,,
00:00:54,43,0,,
00:00:54,44,0,,
00:00:54,45,810,1
00:00:54,46,0,,
00:00:54,47,0,,
00:00:54,48,0,,
00:00:54,49,811,1
00:00:54,50,0,,
00:00:54,51,0,,
00:00:54,52,0,,
00:00:54,53,812,1
00:00:54,54,0,,
00:00:54,55,0,,
00:00:54,56,0,,
00:00:54,57,813,0
00:00:55,1,814,1
00:00:55,2,0,,
00:00:55,3,0,,
00:00:55,4,0,,
00:00:55,5,815,1
00:00:55,6,0,,
00:00:55,7,0,,
00:00:55,8,0,,
00:00:55,9,816,1
00:00:55,10,0,,
00:00:55,11,0,,
00:00:55,12,0,,
00:00:55,13,817,1
00:00:55,14,0,,
00:00:55,15,0,,
00:00:55,16,818,1
00:00:55,17,0,,
00:00:55,18,0,,
00:00:55,19,0,,
00:00:55,20,0,,
00:00:55,21,819,1
00:00:55,22,0,,
00:00:55,23,0,,
00:00:55,24,820,1
00:00:55,25,0,,
00:00:55,26,0,,
00:00:55,27,0,,
00:00:55,28,821,1
00:00:55,29,0,,
00:00:55,30,0,,
00:00:55,31,0,,
00:00:55,32,0,,
00:00:55,33,822,1
00:00:55,34,0,,
00:00:55,35,0,,
00:00:55,36,823,1
00:00:55,37,0,,
00:00:55,38,0,,
00:00:55,39,0,,
00:00:55,40,824,1
00:00:55,41,0,,
00:00:55,42,0,,
00:00:55,43,0,,
00:00:55,44,825,1
00:00:55,45,0,,
00:00:55,46,0,,
00:00:55,47,0,,
00:00:55,48,826,1
00:00:55,49,0,,
00:00:55,50,0,,
00:00:55,51,0,,
00:00:55,52,827,1
00:00:55,53,0,,
00:00:55,54,0,,
00:00:55,55,0,,
00:00:55,56,828,1
00:00:56,0,829,1
00:00:56,1,0,,
00:00:56,2,0,,
00:00:56,3,0,,
00:00:56,4,830,1
00:00:56,5,0,,
00:00:56,6,0,,
00:00:56,7,0,,
00:00:56,8,831,1
00:00:56,9,0,,
00:00:56,10,0,,
00:00:56,11,0,,
00:00:56,12,832,1
00:00:56,13,0,,
00:00:56,14,0,,
00:00:56,15,0,,
00:00:56,16,833,1
00:00:56,17,0,,
00:00:56,18,0,,
00:00:56,19,0,,
00:00:56,20,834,1
00:00:56,21,0,,
00:00:56,22,0,,
00:00:56,23,0,,
00:00:56,24,835,1
00:00:56,25,0,,
00:00:56,26,0,,
00:00:56,27,0,,
00:00:56,28,836,1
00:00:56,29,0,,
00:00:56,30,0,,
00:00:56,31,0,,
00:00:56,32,837,1
00:00:56,33,0,,
00:00:56,34,0,,
00:00:56,35,0,,
00:00:56,36,838,0
00:00:56,37,0,,
00:00:56,38,0,,
00:00:56,39,0,,
00:00:56,40,839,1
00:00:56,41,0,,
00:00:56,42,0,,
00:00:56,43,0,,
00:00:56,44,840,0
00:00:56,45,0,,
00:00:56,46,0,,
00:00:56,47,0,,
00:00:56,48,841,1
00:00:56,49,0,,
00:00:56,50,0,,
00:00:56,51,0,,
00:00:56,52,842,1
00:00:56,53,0,,
00:00:56,54,0,,
00:00:56,55,0,,
00:00:56,56,843,0
00:00:57,0,844,0
00:00:57,1,0,,
00:00:57,2,0,,
00:00:57,3,0,,
00:00:57,4,845,1
00:00:57,5,0,,
00:00:57,6,0,,
00:00:57,7,0,,
00:00:57,8,846,0
00:00:57,9,0,,
00:00:57,10,0,,
00:00:57,11,0,,
00:00:57,12,847,0
00:00:57,13,0,,
00:00:57,14,0,,
00:00:57,15,848,0
00:00:57,16,0,,
00:00:57,17,0,,
00:00:57,18,0,,
00:00:57,19,849,1
00:00:57,20,0,,
00:00:57,21,0,,
00:00:57,22,0,,
00:00:57,23,850,1
00:00:57,24,0,,
00:00:57,25,0,,
00:00:57,26,0,,
00:00:57,27,851,1
00:00:57,28,0,,
00:00:57,29,0,,
00:00:57,30,0,,
00:00:57,31,852,1
00:00:57,32,0,,
00:00:57,33,0,,
00:00:57,34,0,,
00:00:57,35,853,1
00:00:57,36,0,,
00:00:57,37,0,,
00:00:57,38,0,,
00:00:57,39,854,0
00:00:57,40,0,,
00:00:57,41,0,,
00:00:57,42,0,,
00:00:57,43,855,1
00:00:57,44,0,,
00:00:57,45,0,,
00:00:57,46,0,,
00:00:57,47,856,0
00:00:57,48,0,,
00:00:57,49,0,,
00:00:57,50,0,,
00:00:57,51,857,0
00:00:57,52,0,,
00:00:57,53,0,,
00:00:57,54,0,,
00:00:57,55,858,1
00:00:57,56,0,,
00:00:57,57,0,,
00:00:57,58,0,,
00:00:57,59,859,1
00:00:58,3,860,0
00:00:58,4,0,,
00:00:58,5,0,,
00:00:58,6,0,,
00:00:58,7,861,0
00:00:58,8,0,,
00:00:58,9,0,,
00:00:58,10,0,,
00:00:58,11,862,0
00:00:58,12,0,,
00:00:58,13,0,,
00:00:58,14,0,,
00:00:58,15,863,1
00:00:58,16,0,,
00:00:58,17,0,,
00:00:58,18,0,,
00:00:58,19,864,1
00:00:58,20,0,,
00:00:58,21,0,,
00:00:58,22,0,,
00:00:58,23,865,1
00:00:58,24,0,,
00:00:58,25,0,,
00:00:58,26,0,,
00:00:58,27,866,1
00:00:58,28,0,,
00:00:58,29,0,,
00:00:58,30,0,,
00:00:58,31,867,1
00:00:58,32,0,,
00:00:58,33,0,,
00:00:58,34,0,,
00:00:58,35,868,1
00:00:58,36,0,,
00:00:58,37,0,,
00:00:58,38,0,,
00:00:58,39,869,1
00:00:58,40,0,,
00:00:58,41,0,,
00:00:58,42,870,1
00:00:58,43,0,,
00:00:58,44,0,,
00:00:58,45,0,,
00:00:58,46,871,1
00:00:58,47,0,,
00:00:58,48,0,,
00:00:58,49,0,,
00:00:58,50,872,1
00:00:58,51,0,,
00:00:58,52,0,,
00:00:58,53,0,,
00:00:58,54,0,,
00:00:58,55,873,1
00:00:58,56,0,,
00:00:58,57,0,,
00:00:58,58,874,1
00:00:59,2,875,1
00:00:59,3,0,,
00:00:59,4,0,,
00:00:59,5,0,,
00:00:59,6,876,0
00:00:59,7,0,,
00:00:59,8,0,,
00:00:59,9,0,,
00:00:59,10,877,0
00:00:59,11,0,,
00:00:59,12,0,,
00:00:59,13,0,,
00:00:59,14,878,0
00:00:59,15,0,,
00:00:59,16,0,,
00:00:59,17,0,,
00:00:59,18,879,1
00:00:59,19,0,,
00:00:59,20,0,,
00:00:59,21,0,,
00:00:59,22,880,1
00:00:59,23,0,,
00:00:59,24,0,,
00:00:59,25,0,,
00:00:59,26,881,1
00:00:59,27,0,,
00:00:59,28,0,,
00:00:59,29,0,,
00:00:59,30,882,1
00:00:59,31,0,,
00:00:59,32,0,,
00:00:59,33,0,,
00:00:59,34,883,1
00:00:59,35,0,,
00:00:59,36,0,,
00:00:59,37,0,,
00:00:59,38,884,1
00:00:59,39,0,,
00:00:59,40,0,,
00:00:59,41,0,,
00:00:59,42,885,1
00:00:59,43,0,,
00:00:59,44,0,,
00:00:59,45,0,,
00:00:59,46,886,1
00:00:59,47,0,,
00:00:59,48,0,,
00:00:59,49,0,,
00:00:59,50,887,1
00:00:59,51,0,,
00:00:59,52,0,,
00:00:59,53,0,,
00:00:59,54,888,1
00:00:59,55,0,,
00:00:59,56,0,,
00:00:59,57,0,,
00:00:59,58,889,0
00:01:00,2,890,1
00:01:00,3,0,,
00:01:00,4,0,,
00:01:00,5,0,,
00:01:00,6,891,0
00:01:00,7,0,,
00:01:00,8,0,,
00:01:00,9,0,,
00:01:00,10,892,0
00:01:00,11,0,,
00:01:00,12,0,,
00:01:00,13,0,,
00:01:00,14,893,0
00:01:00,15,0,,
00:01:00,16,0,,
00:01:00,17,0,,
00:01:00,18,894,0
00:01:00,19,0,,
00:01:00,20,0,,
00:01:00,21,0,,
00:01:00,22,0,,
00:01:00,23,895,0
00:01:00,24,0,,
00:01:00,25,0,,
00:01:00,26,0,,
00:01:00,27,896,1
00:01:00,28,0,,
00:01:00,29,0,,
00:01:00,30,0,,
00:01:00,31,897,0
00:01:00,32,0,,
00:01:00,33,0,,
00:01:00,34,0,,
00:01:00,35,898,1
00:01:00,36,0,,
00:01:00,37,0,,
00:01:00,38,0,,
00:01:00,39,899,1
00:01:00,40,0,,
00:01:00,41,0,,
00:01:00,42,0,,
00:01:00,43,900,1
00:01:00,44,0,,
00:01:00,45,0,,
00:01:00,46,0,,
00:01:00,47,901,1
00:01:00,48,0,,
00:01:00,49,0,,
00:01:00,50,0,,
00:01:00,51,902,1
00:01:00,52,0,,
00:01:00,53,0,,
00:01:00,54,0,,
00:01:00,55,903,1
00:01:00,56,0,,
00:01:00,57,0,,
00:01:00,58,0,,
00:01:00,59,904,1
00:01:01,3,905,1
00:01:01,4,0,,
00:01:01,5,0,,
00:01:01,6,0,,
00:01:01,7,906,1
00:01:01,8,0,,
00:01:01,9,0,,
00:01:01,10,0,,
00:01:01,11,907,1
00:01:01,12,0,,
00:01:01,13,0,,
00:01:01,14,0,,
00:01:01,15,908,1
00:01:01,16,0,,
00:01:01,17,0,,
00:01:01,18,0,,
00:01:01,19,909,1
00:01:01,20,0,,
00:01:01,21,0,,
00:01:01,22,0,,
00:01:01,23,910,1
00:01:01,24,0,,
00:01:01,25,0,,
00:01:01,26,0,,
00:01:01,27,911,1
00:01:01,28,0,,
00:01:01,29,0,,
00:01:01,30,0,,
00:01:01,31,912,1
00:01:01,32,0,,
00:01:01,33,0,,
00:01:01,34,0,,
00:01:01,35,913,1
00:01:01,36,0,,
00:01:01,37,0,,
00:01:01,38,0,,
00:01:01,39,914,1
00:01:01,40,0,,
00:01:01,41,0,,
00:01:01,42,0,,
00:01:01,43,915,1
00:01:01,44,0,,
00:01:01,45,0,,
00:01:01,46,0,,
00:01:01,47,916,1
00:01:01,48,0,,
00:01:01,49,0,,
00:01:01,50,0,,
00:01:01,51,917,1
00:01:01,52,0,,
00:01:01,53,0,,
00:01:01,54,0,,
00:01:01,55,918,1
00:01:01,56,0,,
00:01:01,57,0,,
00:01:01,58,0,,
00:01:01,59,919,1
00:01:02,2,920,1
00:01:02,3,0,,
00:01:02,4,0,,
00:01:02,5,0,,
00:01:02,6,921,1
00:01:02,7,0,,
00:01:02,8,0,,
00:01:02,9,0,,
00:01:02,10,922,1
00:01:02,11,0,,
00:01:02,12,0,,
00:01:02,13,0,,
00:01:02,14,923,1
00:01:02,15,0,,
00:01:02,16,0,,
00:01:02,17,0,,
00:01:02,18,924,1
00:01:02,19,0,,
00:01:02,20,0,,
00:01:02,21,0,,
00:01:02,22,925,1
00:01:02,23,0,,
00:01:02,24,0,,
00:01:02,25,0,,
00:01:02,26,926,1
00:01:02,27,0,,
00:01:02,28,0,,
00:01:02,29,0,,
00:01:02,30,927,1
00:01:02,31,0,,
00:01:02,32,0,,
00:01:02,33,0,,
00:01:02,34,928,1
00:01:02,35,0,,
00:01:02,36,0,,
00:01:02,37,0,,
00:01:02,38,929,0
00:01:02,39,0,,
00:01:02,40,0,,
00:01:02,41,0,,
00:01:02,42,930,0
00:01:02,43,0,,
00:01:02,44,0,,
00:01:02,45,0,,
00:01:02,46,931,0
00:01:02,47,0,,
00:01:02,48,0,,
00:01:02,49,0,,
00:01:02,50,932,1
00:01:02,51,0,,
00:01:02,52,0,,
00:01:02,53,0,,
00:01:02,54,933,1
00:01:02,55,0,,
00:01:02,56,0,,
00:01:02,57,0,,
00:01:02,58,934,1
00:01:03,2,935,1
00:01:03,3,0,,
00:01:03,4,0,,
00:01:03,5,0,,
00:01:03,6,936,1
00:01:03,7,0,,
00:01:03,8,0,,
00:01:03,9,0,,
00:01:03,10,937,1
00:01:03,11,0,,
00:01:03,12,0,,
00:01:03,13,0,,
00:01:03,14,938,1
00:01:03,15,0,,
00:01:03,16,0,,
00:01:03,17,0,,
00:01:03,18,939,1
00:01:03,19,0,,
00:01:03,20,0,,
00:01:03,21,0,,
00:01:03,22,940,1
00:01:03,23,0,,
00:01:03,24,0,,
00:01:03,25,0,,
00:01:03,26,941,1
00:01:03,27,0,,
00:01:03,28,0,,
00:01:03,29,0,,
00:01:03,30,942,1
00:01:03,31,0,,
00:01:03,32,0,,
00:01:03,33,0,,
00:01:03,34,943,1
00:01:03,35,0,,
00:01:03,36,0,,
00:01:03,37,944,1
00:01:03,38,0,,
00:01:03,39,0,,
00:01:03,40,0,,
00:01:03,41,945,1
00:01:03,42,0,,
00:01:03,43,0,,
00:01:03,44,0,,
00:01:03,45,946,1
00:01:03,46,0,,
00:01:03,47,0,,
00:01:03,48,0,,
00:01:03,49,947,0
00:01:03,50,0,,
00:01:03,51,0,,
00:01:03,52,0,,
00:01:03,53,948,0
00:01:03,54,0,,
00:01:03,55,0,,
00:01:03,56,0,,
00:01:03,57,949,0
00:01:04,1,950,1
00:01:04,2,0,,
00:01:04,3,0,,
00:01:04,4,0,,
00:01:04,5,951,0
00:01:04,6,0,,
00:01:04,7,0,,
00:01:04,8,0,,
00:01:04,9,952,0
00:01:04,10,0,,
00:01:04,11,0,,
00:01:04,12,0,,
00:01:04,13,953,1
00:01:04,14,0,,
00:01:04,15,0,,
00:01:04,16,0,,
00:01:04,17,954,1
00:01:04,18,0,,
00:01:04,19,0,,
00:01:04,20,0,,
00:01:04,21,955,0
00:01:04,22,0,,
00:01:04,23,0,,
00:01:04,24,0,,
00:01:04,25,956,0
00:01:04,26,0,,
00:01:04,27,0,,
00:01:04,28,0,,
00:01:04,29,957,1
00:01:04,30,0,,
00:01:04,31,0,,
00:01:04,32,0,,
00:01:04,33,958,1
00:01:04,34,0,,
00:01:04,35,0,,
00:01:04,36,0,,
00:01:04,37,959,1
00:01:04,38,0,,
00:01:04,39,0,,
00:01:04,40,0,,
00:01:04,41,960,1
00:01:04,42,0,,
00:01:04,43,0,,
00:01:04,44,0,,
00:01:04,45,961,1
00:01:04,46,0,,
00:01:04,47,0,,
00:01:04,48,0,,
00:01:04,49,962,1
00:01:04,50,0,,
00:01:04,51,0,,
00:01:04,52,0,,
00:01:04,53,963,1
00:01:04,54,0,,
00:01:04,55,0,,
00:01:04,56,0,,
00:01:04,57,964,1
00:01:05,1,965,1
00:01:05,2,0,,
00:01:05,3,0,,
00:01:05,4,0,,
00:01:05,5,966,1
00:01:05,6,0,,
00:01:05,7,0,,
00:01:05,8,0,,
00:01:05,9,967,1
00:01:05,10,0,,
00:01:05,11,0,,
00:01:05,12,0,,
00:01:05,13,968,1
00:01:05,14,0,,
00:01:05,15,0,,
00:01:05,16,969,0
00:01:05,17,0,,
00:01:05,18,0,,
00:01:05,19,0,,
00:01:05,20,970,0
00:01:05,21,0,,
00:01:05,22,0,,
00:01:05,23,0,,
00:01:05,24,971,0
00:01:05,25,0,,
00:01:05,26,0,,
00:01:05,27,0,,
00:01:05,28,972,0
00:01:05,29,0,,
00:01:05,30,0,,
00:01:05,31,0,,
00:01:05,32,973,0
00:01:05,33,0,,
00:01:05,34,0,,
00:01:05,35,0,,
00:01:05,36,974,0
00:01:05,37,0,,
00:01:05,38,0,,
00:01:05,39,0,,
00:01:05,40,975,0
00:01:05,41,0,,
00:01:05,42,0,,
00:01:05,43,0,,
00:01:05,44,976,0
00:01:05,45,0,,
00:01:05,46,0,,
00:01:05,47,0,,
00:01:05,48,977,1
00:01:05,49,0,,
00:01:05,50,0,,
00:01:05,51,0,,
00:01:05,52,978,1
00:01:05,53,0,,
00:01:05,54,0,,
00:01:05,55,0,,
00:01:05,56,979,1
00:01:06,0,980,1
00:01:06,1,0,,
00:01:06,2,0,,
00:01:06,3,0,,
00:01:06,4,981,1
00:01:06,5,0,,
00:01:06,6,0,,
00:01:06,7,0,,
00:01:06,8,982,1
00:01:06,9,0,,
00:01:06,10,0,,
00:01:06,11,0,,
00:01:06,12,983,0
00:01:06,13,0,,
00:01:06,14,0,,
00:01:06,15,0,,
00:01:06,16,984,1
00:01:06,17,0,,
00:01:06,18,0,,
00:01:06,19,0,,
00:01:06,20,985,0
00:01:06,21,0,,
00:01:06,22,0,,
00:01:06,23,0,,
00:01:06,24,986,1
00:01:06,25,0,,
00:01:06,26,0,,
00:01:06,27,0,,
00:01:06,28,987,0
00:01:06,29,0,,
00:01:06,30,0,,
00:01:06,31,0,,
00:01:06,32,988,1
00:01:06,33,0,,
00:01:06,34,0,,
00:01:06,35,0,,
00:01:06,36,989,1
00:01:06,37,0,,
00:01:06,38,0,,
00:01:06,39,0,,
00:01:06,40,990,1
00:01:06,41,0,,
00:01:06,42,0,,
00:01:06,43,0,,
00:01:06,44,991,1
00:01:06,45,0,,
00:01:06,46,0,,
00:01:06,47,0,,
00:01:06,48,992,1
00:01:06,49,0,,
00:01:06,50,0,,
00:01:06,51,0,,
00:01:06,52,993,1
00:01:06,53,0,,
00:01:06,54,0,,
00:01:06,55,994,1
00:01:06,56,0,,
00:01:06,57,0,,
00:01:06,58,0,,
00:01:06,59,995,1
00:01:07,3,996,1
00:01:07,4,0,,
00:01:07,5,0,,
00:01:07,6,0,,
00:01:07,7,997,1
00:01:07,8,0,,
00:01:07,9,0,,
00:01:07,10,0,,
00:01:07,11,998,1
00:01:07,12,0,,
00:01:07,13,0,,
00:01:07,14,0,,
00:01:07,15,999,1
00:01:07,16,0,,
00:01:07,17,0,,
00:01:07,18,0,,
00:01:07,19,1000,1
00:01:07,20,0,,
00:01:07,21,0,,
00:01:07,22,0,,
00:01:07,23,1001,1
00:01:07,24,0,,
00:01:07,25,0,,
00:01:07,26,0,,
00:01:07,27,1002,1
00:01:07,28,0,,
00:01:07,29,0,,
00:01:07,30,0,,
00:01:07,31,1003,0
00:01:07,32,0,,
00:01:07,33,0,,
00:01:07,34,0,,
00:01:07,35,1004,1
00:01:07,36,0,,
00:01:07,37,0,,
00:01:07,38,0,,
00:01:07,39,1005,0
00:01:07,40,0,,
00:01:07,41,0,,
00:01:07,42,0,,
00:01:07,43,1006,0
00:01:07,44,0,,
00:01:07,45,0,,
00:01:07,46,0,,
00:01:07,47,1007,0
00:01:07,48,0,,
00:01:07,49,0,,
00:01:07,50,0,,
00:01:07,51,1008,0
00:01:07,52,0,,
00:01:07,53,0,,
00:01:07,54,0,,
00:01:07,55,1009,1
00:01:07,56,0,,
00:01:07,57,0,,
00:01:07,58,0,,
00:01:07,59,1010,0
00:01:08,3,1011,1
00:01:08,4,0,,
00:01:08,5,0,,
00:01:08,6,0,,
00:01:08,7,1012,1
00:01:08,8,0,,
00:01:08,9,0,,
00:01:08,10,0,,
00:01:08,11,1013,1
00:01:08,12,0,,
00:01:08,13,0,,
00:01:08,14,0,,
00:01:08,15,1014,1
00:01:08,16,0,,
00:01:08,17,0,,
00:01:08,18,0,,
00:01:08,19,1015,1
00:01:08,20,0,,
00:01:08,21,0,,
00:01:08,22,0,,
00:01:08,23,1016,1
00:01:08,24,0,,
00:01:08,25,0,,
00:01:08,26,1017,1
00:01:08,27,0,,
00:01:08,28,0,,
00:01:08,29,0,,
00:01:08,30,0,,
00:01:08,31,1018,1
00:01:08,32,0,,
00:01:08,33,0,,
00:01:08,34,1019,0
00:01:08,35,0,,
00:01:08,36,0,,
00:01:08,37,0,,
00:01:08,38,1020,0
00:01:08,39,0,,
00:01:08,40,0,,
00:01:08,41,0,,
00:01:08,42,0,,
00:01:08,43,1021,1
00:01:08,44,0,,
00:01:08,45,0,,
00:01:08,46,1022,1
00:01:08,47,0,,
00:01:08,48,0,,
00:01:08,49,0,,
00:01:08,50,0,,
00:01:08,51,1023,0
00:01:08,52,0,,
00:01:08,53,0,,
00:01:08,54,1024,0
00:01:08,55,0,,
00:01:08,56,0,,
00:01:08,57,0,,
00:01:08,58,1025,0
00:01:09,2,1026,0
00:01:09,3,0,,
00:01:09,4,0,,
00:01:09,5,0,,
00:01:09,6,1027,0
00:01:09,7,0,,
00:01:09,8,0,,
00:01:09,9,0,,
00:01:09,10,1028,0
00:01:09,11,0,,
00:01:09,12,0,,
00:01:09,13,0,,
00:01:09,14,1029,1
00:01:09,15,0,,
00:01:09,16,0,,
00:01:09,17,0,,
00:01:09,18,1030,1
00:01:09,19,0,,
00:01:09,20,0,,
00:01:09,21,0,,
00:01:09,22,1031,1
00:01:09,23,0,,
00:01:09,24,0,,
00:01:09,25,0,,
00:01:09,26,1032,1
00:01:09,27,0,,
00:01:09,28,0,,
00:01:09,29,0,,
00:01:09,30,1033,1
00:01:09,31,0,,
00:01:09,32,0,,
00:01:09,33,0,,
00:01:09,34,1034,1
00:01:09,35,0,,
00:01:09,36,0,,
00:01:09,37,0,,
00:01:09,38,1035,1
00:01:09,39,0,,
00:01:09,40,0,,
00:01:09,41,0,,
00:01:09,42,1036,1
00:01:09,43,0,,
00:01:09,44,0,,
00:01:09,45,0,,
00:01:09,46,1037,1
00:01:09,47,0,,
00:01:09,48,0,,
00:01:09,49,0,,
00:01:09,50,1038,1
00:01:09,51,0,,
00:01:09,52,0,,
00:01:09,53,0,,
00:01:09,54,1039,1
00:01:09,55,0,,
00:01:09,56,0,,
00:01:09,57,0,,
00:01:09,58,1040,1
00:01:10,2,1041,1
00:01:10,3,0,,
00:01:10,4,0,,
00:01:10,5,0,,
00:01:10,6,1042,1
00:01:10,7,0,,
00:01:10,8,0,,
00:01:10,9,0,,
00:01:10,10,1043,1
00:01:10,11,0,,
00:01:10,12,0,,
00:01:10,13,1044,1
00:01:10,14,0,,
00:01:10,15,0,,
00:01:10,16,0,,
00:01:10,17,1045,1
00:01:10,18,0,,
00:01:10,19,0,,
00:01:10,20,0,,
00:01:10,21,0,,
00:01:10,22,1046,0
00:01:10,23,0,,
00:01:10,24,0,,
00:01:10,25,1047,0
00:01:10,26,0,,
00:01:10,27,0,,
00:01:10,28,0,,
00:01:10,29,1048,1
00:01:10,30,0,,
00:01:10,31,0,,
00:01:10,32,0,,
00:01:10,33,1049,1
00:01:10,34,0,,
00:01:10,35,0,,
00:01:10,36,0,,
00:01:10,37,1050,0
00:01:10,38,0,,
00:01:10,39,0,,
00:01:10,40,0,,
00:01:10,41,1051,0
00:01:10,42,0,,
00:01:10,43,0,,
00:01:10,44,0,,
00:01:10,45,1052,0
00:01:10,46,0,,
00:01:10,47,0,,
00:01:10,48,0,,
00:01:10,49,1053,0
00:01:10,50,0,,
00:01:10,51,0,,
00:01:10,52,0,,
00:01:10,53,1054,1
00:01:10,54,0,,
00:01:10,55,0,,
00:01:10,56,0,,
00:01:10,57,1055,1
00:01:11,1,1056,1
00:01:11,2,0,,
00:01:11,3,0,,
00:01:11,4,0,,
00:01:11,5,1057,1
00:01:11,6,0,,
00:01:11,7,0,,
00:01:11,8,0,,
00:01:11,9,1058,1
00:01:11,10,0,,
00:01:11,11,0,,
00:01:11,12,0,,
00:01:11,13,1059,1
00:01:11,14,0,,
00:01:11,15,0,,
00:01:11,16,0,,
00:01:11,17,1060,1
00:01:11,18,0,,
00:01:11,19,0,,
00:01:11,20,0,,
00:01:11,21,1061,1
00:01:11,22,0,,
00:01:11,23,0,,
00:01:11,24,0,,
00:01:11,25,1062,1
00:01:11,26,0,,
00:01:11,27,0,,
00:01:11,28,0,,
00:01:11,29,1063,0
00:01:11,30,0,,
00:01:11,31,0,,
00:01:11,32,0,,
00:01:11,33,1064,1
00:01:11,34,0,,
00:01:11,35,0,,
00:01:11,36,0,,
00:01:11,37,1065,1
00:01:11,38,0,,
00:01:11,39,0,,
00:01:11,40,0,,
00:01:11,41,1066,0
00:01:11,42,0,,
00:01:11,43,0,,
00:01:11,44,1067,1
00:01:11,45,0,,
00:01:11,46,0,,
00:01:11,47,0,,
00:01:11,48,0,,
00:01:11,49,1068,1
00:01:11,50,0,,
00:01:11,51,0,,
00:01:11,52,0,,
00:01:11,53,1069,1
00:01:11,54,0,,
00:01:11,55,0,,
00:01:11,56,0,,
00:01:11,57,1070,1
00:01:12,1,1071,1
00:01:12,2,0,,
00:01:12,3,0,,
00:01:12,4,0,,
00:01:12,5,1072,1
00:01:12,6,0,,
00:01:12,7,0,,
00:01:12,8,1073,1
00:01:12,9,0,,
00:01:12,10,0,,
00:01:12,11,0,,
00:01:12,12,1074,1
00:01:12,13,0,,
00:01:12,14,0,,
00:01:12,15,0,,
00:01:12,16,1075,1
00:01:12,17,0,,
00:01:12,18,0,,
00:01:12,19,0,,
00:01:12,20,1076,1
00:01:12,21,0,,
00:01:12,22,0,,
00:01:12,23,0,,
00:01:12,24,1077,1
00:01:12,25,0,,
00:01:12,26,0,,
00:01:12,27,0,,
00:01:12,28,1078,1
00:01:12,29,0,,
00:01:12,30,0,,
00:01:12,31,0,,
00:01:12,32,1079,1
00:01:12,33,0,,
00:01:12,34,0,,
00:01:12,35,0,,
00:01:12,36,1080,1
00:01:12,37,0,,
00:01:12,38,0,,
00:01:12,39,0,,
00:01:12,40,1081,1
00:01:12,41,0,,
00:01:12,42,0,,
00:01:12,43,0,,
00:01:12,44,1082,1
00:01:12,45,0,,
00:01:12,46,0,,
00:01:12,47,0,,
00:01:12,48,1083,0
00:01:12,49,0,,
00:01:12,50,0,,
00:01:12,51,0,,
00:01:12,52,1084,0
00:01:12,53,0,,
00:01:12,54,0,,
00:01:12,55,0,,
00:01:12,56,1085,0
00:01:13,0,1086,0
00:01:13,1,0,,
00:01:13,2,0,,
00:01:13,3,0,,
00:01:13,4,1087,0
00:01:13,5,0,,
00:01:13,6,0,,
00:01:13,7,0,,
00:01:13,8,1088,0
00:01:13,9,0,,
00:01:13,10,0,,
00:01:13,11,0,,
00:01:13,12,1089,1
00:01:13,13,0,,
00:01:13,14,0,,
00:01:13,15,0,,
00:01:13,16,1090,1
00:01:13,17,0,,
00:01:13,18,0,,
00:01:13,19,0,,
00:01:13,20,1091,1
00:01:13,21,0,,
00:01:13,22,0,,
00:01:13,23,0,,
00:01:13,24,1092,1
00:01:13,25,0,,
00:01:13,26,0,,
00:01:13,27,0,,
00:01:13,28,1093,1
00:01:13,29,0,,
00:01:13,30,0,,
00:01:13,31,1094,1
00:01:13,32,0,,
00:01:13,33,0,,
00:01:13,34,0,,
00:01:13,35,1095,1
00:01:13,36,0,,
00:01:13,37,0,,
00:01:13,38,0,,
00:01:13,39,1096,0
00:01:13,40,0,,
00:01:13,41,0,,
00:01:13,42,0,,
00:01:13,43,1097,0
00:01:13,44,0,,
00:01:13,45,0,,
00:01:13,46,0,,
00:01:13,47,0,,
00:01:13,48,0,,
00:01:13,49,0,,
00:01:13,50,0,,
00:01:13,51,0,,
00:01:13,52,1099,0
00:01:13,53,0,,
00:01:13,54,0,,
00:01:13,55,1100,0
00:01:13,56,0,,
00:01:13,57,0,,
00:01:13,58,0,,
00:01:13,59,1101,0
00:01:14,3,1102,0
00:01:14,4,0,,
00:01:14,5,0,,
00:01:14,6,0,,
00:01:14,7,1103,0
00:01:14,8,0,,
00:01:14,9,0,,
00:01:14,10,0,,
00:01:14,11,1104,0
00:01:14,12,0,,
00:01:14,13,0,,
00:01:14,14,0,,
00:01:14,15,1105,0
00:01:14,16,0,,
00:01:14,17,0,,
00:01:14,18,0,,
00:01:14,19,1106,1
00:01:14,20,0,,
00:01:14,21,0,,
00:01:14,22,0,,
00:01:14,23,1107,1
00:01:14,24,0,,
00:01:14,25,0,,
00:01:14,26,0,,
00:01:14,27,1108,1
00:01:14,28,0,,
00:01:14,29,0,,
00:01:14,30,0,,
00:01:14,31,1109,1
00:01:14,32,0,,
00:01:14,33,0,,
00:01:14,34,0,,
00:01:14,35,1110,1
00:01:14,36,0,,
00:01:14,37,0,,
00:01:14,38,0,,
00:01:14,39,1111,1
00:01:14,40,0,,
00:01:14,41,0,,
00:01:14,42,0,,
00:01:14,43,1112,0
00:01:14,44,0,,
00:01:14,45,0,,
00:01:14,46,0,,
00:01:14,47,1113,0
00:01:14,48,0,,
00:01:14,49,0,,
00:01:14,50,0,,
00:01:14,51,1114,0
00:01:14,52,0,,
00:01:14,53,0,,
00:01:14,54,0,,
00:01:14,55,1115,0
00:01:14,56,0,,
00:01:14,57,0,,
00:01:14,58,0,,
00:01:14,59,1116,0
00:01:15,3,1117,0
00:01:15,4,0,,
00:01:15,5,0,,
00:01:15,6,0,,
00:01:15,7,1118,0
00:01:15,8,0,,
00:01:15,9,0,,
00:01:15,10,0,,
00:01:15,11,1119,0
00:01:15,12,0,,
00:01:15,13,0,,
00:01:15,14,0,,
00:01:15,15,1120,0
00:01:15,16,0,,
00:01:15,17,0,,
00:01:15,18,0,,
00:01:15,19,1121,0
00:01:15,20,0,,
00:01:15,21,0,,
00:01:15,22,0,,
00:01:15,23,1122,0
00:01:15,24,0,,
00:01:15,25,0,,
00:01:15,26,0,,
00:01:15,27,1123,0
00:01:15,28,0,,
00:01:15,29,0,,
00:01:15,30,0,,
00:01:15,31,1124,0
00:01:15,32,0,,
00:01:15,33,0,,
00:01:15,34,1125,1
00:01:15,35,0,,
00:01:15,36,0,,
00:01:15,37,0,,
00:01:15,38,1126,1
00:01:15,39,0,,
00:01:15,40,0,,
00:01:15,41,0,,
00:01:15,42,1127,1
00:01:15,43,0,,
00:01:15,44,0,,
00:01:15,45,0,,
00:01:15,46,1128,1
00:01:15,47,0,,
00:01:15,48,0,,
00:01:15,49,0,,
00:01:15,50,1129,1
00:01:15,51,0,,
00:01:15,52,0,,
00:01:15,53,0,,
00:01:15,54,1130,1
00:01:15,55,0,,
00:01:15,56,0,,
00:01:15,57,0,,
00:01:15,58,1131,1
00:01:16,2,1132,1
00:01:16,3,0,,
00:01:16,4,0,,
00:01:16,5,0,,
00:01:16,6,1133,1
00:01:16,7,0,,
00:01:16,8,0,,
00:01:16,9,0,,
00:01:16,10,0,,
00:01:16,11,0,,
00:01:16,12,1134,1
00:01:16,13,0,,
00:01:16,14,0,,
00:01:16,15,0,,
00:01:16,16,1135,0
00:01:16,17,0,,
00:01:16,18,0,,
00:01:16,19,0,,
00:01:16,20,1136,0
00:01:16,21,0,,
00:01:16,22,0,,
00:01:16,23,0,,
00:01:16,24,1137,0
00:01:16,25,0,,
00:01:16,26,0,,
00:01:16,27,0,,
00:01:16,28,1138,0
00:01:16,29,0,,
00:01:16,30,0,,
00:01:16,31,0,,
00:01:16,32,1139,0
00:01:16,33,0,,
00:01:16,34,0,,
00:01:16,35,0,,
00:01:16,36,1140,0
00:01:16,37,0,,
00:01:16,38,0,,
00:01:16,39,0,,
00:01:16,40,1141,0
00:01:16,41,0,,
00:01:16,42,0,,
00:01:16,43,0,,
00:01:16,44,1142,0
00:01:16,45,0,,
00:01:16,46,0,,
00:01:16,47,1143,1
00:01:16,48,0,,
00:01:16,49,0,,
00:01:16,50,0,,
00:01:16,51,1144,1
00:01:16,52,0,,
00:01:16,53,0,,
00:01:16,54,0,,
00:01:16,55,1145,1
00:01:16,56,0,,
00:01:16,57,0,,
00:01:16,58,0,,
00:01:16,59,1146,1
00:01:17,3,1147,1
00:01:17,4,0,,
00:01:17,5,0,,
00:01:17,6,0,,
00:01:17,7,1148,1
00:01:17,8,0,,
00:01:17,9,0,,
00:01:17,10,0,,
00:01:17,11,1149,1
00:01:17,12,0,,
00:01:17,13,0,,
00:01:17,14,0,,
00:01:17,15,1150,1
00:01:17,16,0,,
00:01:17,17,0,,
00:01:17,18,0,,
00:01:17,19,1151,1
00:01:17,20,0,,
00:01:17,21,0,,
00:01:17,22,0,,
00:01:17,23,1152,1
00:01:17,24,0,,
00:01:17,25,0,,
00:01:17,26,0,,
00:01:17,27,1153,1
00:01:17,28,0,,
00:01:17,29,0,,
00:01:17,30,0,,
00:01:17,31,1154,1
00:01:17,32,0,,
00:01:17,33,0,,
00:01:17,34,0,,
00:01:17,35,1155,1
00:01:17,36,0,,
00:01:17,37,0,,
00:01:17,38,0,,
00:01:17,39,1156,1
00:01:17,40,0,,
00:01:17,41,0,,
00:01:17,42,0,,
00:01:17,43,1157,1
00:01:17,44,0,,
00:01:17,45,0,,
00:01:17,46,0,,
00:01:17,47,1158,1
00:01:17,48,0,,
00:01:17,49,0,,
00:01:17,50,0,,
00:01:17,51,1159,0
00:01:17,52,0,,
00:01:17,53,0,,
00:01:17,54,0,,
00:01:17,55,1160,0
00:01:17,56,0,,
00:01:17,57,0,,
00:01:17,58,0,,
00:01:17,59,1161,0
00:01:18,3,1162,0
00:01:18,4,0,,
00:01:18,5,0,,
00:01:18,6,0,,
00:01:18,7,1163,0
00:01:18,8,0,,
00:01:18,9,0,,
00:01:18,10,0,,
00:01:18,11,1164,0
00:01:18,12,0,,
00:01:18,13,0,,
00:01:18,14,0,,
00:01:18,15,1165,0
00:01:18,16,0,,
00:01:18,17,0,,
00:01:18,18,0,,
00:01:18,19,1166,0
00:01:18,20,0,,
00:01:18,21,0,,
00:01:18,22,0,,
00:01:18,23,1167,1
00:01:18,24,0,,
00:01:18,25,0,,
00:01:18,26,0,,
00:01:18,27,1168,0
00:01:18,28,0,,
00:01:18,29,0,,
00:01:18,30,0,,
00:01:18,31,1169,1
00:01:18,32,0,,
00:01:18,33,0,,
00:01:18,34,0,,
00:01:18,35,1170,1
00:01:18,36,0,,
00:01:18,37,0,,
00:01:18,38,1171,1
00:01:18,39,0,,
00:01:18,40,0,,
00:01:18,41,0,,
00:01:18,42,1172,1
00:01:18,43,0,,
00:01:18,44,0,,
00:01:18,45,0,,
00:01:18,46,0,,
00:01:18,47,1173,1
00:01:18,48,0,,
00:01:18,49,0,,
00:01:18,50,1174,1
00:01:18,51,0,,
00:01:18,52,0,,
00:01:18,53,0,,
00:01:18,54,1175,1
00:01:18,55,0,,
00:01:18,56,0,,
00:01:18,57,0,,
00:01:18,58,1176,1
00:01:19,2,1177,1
00:01:19,3,0,,
00:01:19,4,0,,
00:01:19,5,0,,
00:01:19,6,1178,1
00:01:19,7,0,,
00:01:19,8,0,,
00:01:19,9,0,,
00:01:19,10,1179,1
00:01:19,11,0,,
00:01:19,12,0,,
00:01:19,13,0,,
00:01:19,14,1180,1
00:01:19,15,0,,
00:01:19,16,0,,
00:01:19,17,0,,
00:01:19,18,1181,1
00:01:19,19,0,,
00:01:19,20,0,,
00:01:19,21,0,,
00:01:19,22,1182,1
00:01:19,23,0,,
00:01:19,24,0,,
00:01:19,25,0,,
00:01:19,26,1183,1
00:01:19,27,0,,
00:01:19,28,0,,
00:01:19,29,0,,
00:01:19,30,1184,1
00:01:19,31,0,,
00:01:19,32,0,,
00:01:19,33,0,,
00:01:19,34,1185,1
00:01:19,35,0,,
00:01:19,36,0,,
00:01:19,37,0,,
00:01:19,38,1186,1
00:01:19,39,0,,
00:01:19,40,0,,
00:01:19,41,0,,
00:01:19,42,1187,1
00:01:19,43,0,,
00:01:19,44,0,,
00:01:19,45,0,,
00:01:19,46,1188,1
00:01:19,47,0,,
00:01:19,48,0,,
00:01:19,49,0,,
00:01:19,50,1189,1
00:01:19,51,0,,
00:01:19,52,0,,
00:01:19,53,0,,
00:01:19,54,1190,1
00:01:19,55,0,,
00:01:19,56,0,,
00:01:19,57,0,,
00:01:19,58,1191,1
00:01:20,2,1192,1
00:01:20,3,0,,
00:01:20,4,0,,
00:01:20,5,0,,
00:01:20,6,1193,1
00:01:20,7,0,,
00:01:20,8,0,,
00:01:20,9,0,,
00:01:20,10,1194,1
00:01:20,11,0,,
00:01:20,12,0,,
00:01:20,13,0,,
00:01:20,14,1195,1
00:01:20,15,0,,
00:01:20,16,0,,
00:01:20,17,1196,1
00:01:20,18,0,,
00:01:20,19,0,,
00:01:20,20,0,,
00:01:20,21,0,,
00:01:20,22,1197,1
00:01:20,23,0,,
00:01:20,24,0,,
00:01:20,25,0,,
00:01:20,26,1198,1
00:01:20,27,0,,
00:01:20,28,0,,
00:01:20,29,1199,1
00:01:20,30,0,,
00:01:20,31,0,,
00:01:20,32,0,,
00:01:20,33,1200,1
00:01:20,34,0,,
00:01:20,35,0,,
00:01:20,36,0,,
00:01:20,37,1201,1
00:01:20,38,0,,
00:01:20,39,0,,
00:01:20,40,0,,
00:01:20,41,1202,1
00:01:20,42,0,,
00:01:20,43,0,,
00:01:20,44,0,,
00:01:20,45,1203,1
00:01:20,46,0,,
00:01:20,47,0,,
00:01:20,48,0,,
00:01:20,49,1204,1
00:01:20,50,0,,
00:01:20,51,0,,
00:01:20,52,0,,
00:01:20,53,1205,1
00:01:20,54,0,,
00:01:20,55,0,,
00:01:20,56,0,,
00:01:20,57,1206,1
00:01:21,1,1207,1
00:01:21,2,0,,
00:01:21,3,0,,
00:01:21,4,0,,
00:01:21,5,1208,1
00:01:21,6,0,,
00:01:21,7,0,,
00:01:21,8,0,,
00:01:21,9,1209,1
00:01:21,10,0,,
00:01:21,11,0,,
00:01:21,12,0,,
00:01:21,13,1210,0
00:01:21,14,0,,
00:01:21,15,0,,
00:01:21,16,0,,
00:01:21,17,1211,1
00:01:21,18,0,,
00:01:21,19,0,,
00:01:21,20,0,,
00:01:21,21,1212,1
00:01:21,22,0,,
00:01:21,23,0,,
00:01:21,24,0,,
00:01:21,25,1213,0
00:01:21,26,0,,
00:01:21,27,0,,
00:01:21,28,0,,
00:01:21,29,1214,0
00:01:21,30,0,,
00:01:21,31,0,,
00:01:21,32,0,,
00:01:21,33,1215,1
00:01:21,34,0,,
00:01:21,35,0,,
00:01:21,36,0,,
00:01:21,37,1216,1
00:01:21,38,0,,
00:01:21,39,0,,
00:01:21,40,0,,
00:01:21,41,1217,1
00:01:21,42,0,,
00:01:21,43,0,,
00:01:21,44,0,,
00:01:21,45,1218,1
00:01:21,46,0,,
00:01:21,47,0,,
00:01:21,48,0,,
00:01:21,49,1219,1
00:01:21,50,0,,
00:01:21,51,0,,
00:01:21,52,1220,0
00:01:21,53,0,,
00:01:21,54,0,,
00:01:21,55,0,,
00:01:21,56,0,,
00:01:21,57,1221,0
00:01:22,24,1228,0
00:01:22,25,0,,
00:01:22,26,0,,
00:01:22,27,0,,
00:01:22,28,1229,1
00:01:22,29,0,,
00:01:22,30,0,,
00:01:22,31,0,,
00:01:22,32,1230,1
00:01:22,33,0,,
00:01:22,34,0,,
00:01:22,35,0,,
00:01:22,36,1231,1
00:01:22,37,0,,
00:01:22,38,0,,
00:01:22,39,0,,
00:01:22,40,1232,1
00:01:22,41,0,,
00:01:22,42,0,,
00:01:22,43,0,,
00:01:22,44,1233,1
00:01:22,45,0,,
00:01:22,46,0,,
00:01:22,47,0,,
00:01:22,48,1234,1
00:01:22,49,0,,
00:01:22,50,0,,
00:01:22,51,0,,
00:01:22,52,1235,1
00:01:22,53,0,,
00:01:22,54,0,,
00:01:22,55,0,,
00:01:22,56,1236,0
00:01:23,0,1237,0
00:01:23,1,0,,
00:01:23,2,0,,
00:01:23,3,0,,
00:01:23,4,1238,0
00:01:23,5,0,,
00:01:23,6,0,,
00:01:23,7,0,,
00:01:23,8,1239,0
00:01:23,9,0,,
00:01:23,10,0,,
00:01:23,11,0,,
00:01:23,12,1240,0
00:01:23,13,0,,
00:01:23,14,0,,
00:01:23,15,0,,
00:01:23,16,1241,0
00:01:23,17,0,,
00:01:23,18,0,,
00:01:23,19,0,,
00:01:23,20,1242,0
00:01:23,21,0,,
00:01:23,22,0,,
00:01:23,23,0,,
00:01:23,24,1243,1
00:01:23,25,0,,
00:01:23,26,0,,
00:01:23,27,0,,
00:01:23,28,1244,1
00:01:23,29,0,,
00:01:23,30,0,,
00:01:23,31,1245,1
00:01:23,32,0,,
00:01:23,33,0,,
00:01:23,34,0,,
00:01:23,35,1246,1
00:01:23,36,0,,
00:01:23,37,0,,
00:01:23,38,0,,
00:01:23,39,1247,1
00:01:23,40,0,,
00:01:23,41,0,,
00:01:23,42,0,,
00:01:23,43,0,,
00:01:23,44,1248,1
00:01:23,45,0,,
00:01:23,46,0,,
00:01:23,47,0,,
00:01:23,48,1249,1
00:01:23,49,0,,
00:01:23,50,0,,
00:01:23,51,1250,1
00:01:23,52,0,,
00:01:23,53,0,,
00:01:23,54,0,,
00:01:23,55,1251,1
00:01:23,56,0,,
00:01:23,57,0,,
00:01:23,58,0,,
00:01:23,59,1252,0
00:01:24,3,1253,1
00:01:24,4,0,,
00:01:24,5,0,,
00:01:24,6,0,,
00:01:24,7,1254,1
00:01:24,8,0,,
00:01:24,9,0,,
00:01:24,10,0,,
00:01:24,11,1255,0
00:01:24,12,0,,
00:01:24,13,0,,
00:01:24,14,0,,
00:01:24,15,1256,0
00:01:24,16,0,,
00:01:24,17,0,,
00:01:24,18,0,,
00:01:24,19,1257,0
00:01:24,20,0,,
00:01:24,21,0,,
00:01:24,22,0,,
00:01:24,23,1258,0
00:01:24,24,0,,
00:01:24,25,0,,
00:01:24,26,0,,
00:01:24,27,1259,1
00:01:24,28,0,,
00:01:24,29,0,,
00:01:24,30,0,,
00:01:24,31,1260,1
00:01:24,32,0,,
00:01:24,33,0,,
00:01:24,34,0,,
00:01:24,35,1261,1
00:01:24,36,0,,
00:01:24,37,0,,
00:01:24,38,0,,
00:01:24,39,1262,1
00:01:24,40,0,,
00:01:24,41,0,,
00:01:24,42,0,,
00:01:24,43,1263,1
00:01:24,44,0,,
00:01:24,45,0,,
00:01:24,46,0,,
00:01:24,47,1264,1
00:01:24,48,0,,
00:01:24,49,0,,
00:01:24,50,0,,
00:01:24,51,1265,1
00:01:24,52,0,,
00:01:24,53,0,,
00:01:24,54,0,,
00:01:24,55,1266,1
00:01:24,56,0,,
00:01:24,57,0,,
00:01:24,58,0,,
00:01:24,59,1267,1
00:01:25,3,1268,1
00:01:25,4,0,,
00:01:25,5,0,,
00:01:25,6,0,,
00:01:25,7,1269,0
00:01:25,8,0,,
00:01:25,9,0,,
00:01:25,10,1270,1
00:01:25,11,0,,
00:01:25,12,0,,
00:01:25,13,0,,
00:01:25,14,1271,0
00:01:25,15,0,,
00:01:25,16,0,,
00:01:25,17,0,,
00:01:25,18,1272,0
00:01:25,19,0,,
00:01:25,20,0,,
00:01:25,21,0,,
00:01:25,22,0,,
00:01:25,23,1273,0
00:01:25,24,0,,
00:01:25,25,0,,
00:01:25,26,0,,
00:01:25,27,1274,0
00:01:25,28,0,,
00:01:25,29,0,,
00:01:25,30,0,,
00:01:25,31,1275,0
00:01:25,32,0,,
00:01:25,33,0,,
00:01:25,34,1276,0
00:01:25,35,0,,
00:01:25,36,0,,
00:01:25,37,0,,
00:01:25,38,1277,0
00:01:25,39,0,,
00:01:25,40,0,,
00:01:25,41,0,,
00:01:25,42,1278,1
00:01:25,43,0,,
00:01:25,44,0,,
00:01:25,45,0,,
00:01:25,46,1279,1
00:01:25,47,0,,
00:01:25,48,0,,
00:01:25,49,0,,
00:01:25,50,1280,1
00:01:25,51,0,,
00:01:25,52,0,,
00:01:25,53,0,,
00:01:25,54,1281,1
00:01:25,55,0,,
00:01:25,56,0,,
00:01:25,57,0,,
00:01:25,58,1282,1
00:01:26,2,1283,1
00:01:26,3,0,,
00:01:26,4,0,,
00:01:26,5,0,,
00:01:26,6,1284,1
00:01:26,7,0,,
00:01:26,8,0,,
00:01:26,9,0,,
00:01:26,10,1285,1
00:01:26,11,0,,
00:01:26,12,0,,
00:01:26,13,0,,
00:01:26,14,1286,1
00:01:26,15,0,,
00:01:26,16,0,,
00:01:26,17,0,,
00:01:26,18,1287,1
00:01:26,19,0,,
00:01:26,20,0,,
00:01:26,21,0,,
00:01:26,22,1288,1
00:01:26,23,0,,
00:01:26,24,0,,
00:01:26,25,0,,
00:01:26,26,1289,1
00:01:26,27,0,,
00:01:26,28,0,,
00:01:26,29,0,,
00:01:26,30,1290,1
00:01:26,31,0,,
00:01:26,32,0,,
00:01:26,33,0,,
00:01:26,34,1291,1
00:01:26,35,0,,
00:01:26,36,0,,
00:01:26,37,0,,
00:01:26,38,1292,1
